id,danceability,energy,valence,mood
03VzAAMs5PrLM42XR7ijuc,0.54,0.923,0.531,angry
7xy0PAZxzGDOcYzyptvprd,0.706,0.167,0.724,happy
3njpLvANriMsdv3dgADEad,0.555,0.639,0.184,angry
6CHENx8iqzMwavTIz8s0gm,0.287,0.78,0.383,angry
7spcc0WMgkXCjdc8t1ugB2,0.448,0.519,0.355,sad
1BbocHcTYAu0wCS4NqgRsI,0.537,0.97,0.502,angry
4v2rkl1mC3zVAz0nXMx9r4,0.77,0.654,0.685,happy
3ZiV8Fs2UGpvr31mslhYPI,0.429,0.707,0.562,relaxed
5u9NUat59IiQFVEzZ4r3Np,0.624,0.252,0.367,sad
4Ve66CBSEnK0MuEYsqxN7N,0.386,0.879,0.39,angry
3n5iUh2Z6P7cnWins22W0F,0.593,0.468,0.597,relaxed
1HuAR7RyNWQq6vHwOFHWqx,0.824,0.634,0.743,happy
2N9Cou3s4pxwsKZ9XLt70x,0.632,0.76,0.275,angry
2CN72f1bC9iLrTtzcoZGGP,0.593,0.84,0.775,happy
3vYP5IgBfHv9nWbNhTq3IS,0.378,0.975,0.457,angry
7vTCIwHvCT3zMmtYBo0uff,0.646,0.583,0.339,sad
5boibrn5Grky2xEm5aK13k,0.674,0.523,0.404,sad
21Izx09FQfTP4K27V1E2iZ,0.745,0.412,0.51,angry
1LxHpDkjD1u9yKKdh11wBq,0.462,0.067,0.271,relaxed
3gRjhWNZ10cdaRPRLbzskT,0.505,0.667,0.151,sad
0CCeadjiIVSBbGRueKGDE2,0.555,0.57,0.142,sad
6MBCtmqATwY5KlPRd65A29,0.395,0.711,0.353,angry
5esJb63Nbi1LeG0v4NyKTt,0.488,0.615,0.686,sad
5sN9NYU43a9yFYWhnL2frj,0.3,0.555,0.0784,sad
5S1lTe2IVfQQ7rJkFb6F9Q,0.515,0.86,0.449,angry
7klQm1UOICdgXPTuIATaCX,0.3,0.936,0.757,angry
6eT08jQH8w5BNfAec85k31,0.625,0.266,0.303,relaxed
57zue2IGGV2Gm4HFLp90aZ,0.49,0.645,0.739,relaxed
1rLDTmI8quVUsGy9mzrXBx,0.268,0.982,0.366,angry
798RlpfAbvEYiek5PlKRaz,0.604,0.342,0.0788,relaxed
7JdQ2G8CcaUlV6Ve9bmENr,0.538,0.497,0.686,happy
4Td5Uuuny9vyXBacIqM2V0,0.521,0.298,0.0532,sad
2Bk7DXxVp7Yphfa4GJK2hs,0.734,0.76,0.913,happy
5koyOdvQU9AUgPMA14N4mD,0.522,0.931,0.367,angry
1RLWonWtQ3Iwbbzqbp74Uf,0.547,0.688,0.225,relaxed
6kpOHUJEK2HDCQa2lksKeR,0.456,0.72,0.292,relaxed
4rRfPm15Ka5wxUbd8lD7Z3,0.471,0.545,0.373,sad
6vYYt9fTorwdo6sxoceMQC,0.652,0.605,0.72,sad
4UMTp91LHhvW33ol9ZQH0Q,0.924,0.853,0.67,happy
0lFSYIdmSR76kmfOzQEIVh,0.396,0.533,0.211,sad
5DsQ690cs8vS2wW9FQH91i,0.545,0.748,0.275,relaxed
2uRxXraNeeLPSeCYjUbN6D,0.626,0.309,0.626,happy
5ThljNlaUX5zNgNWBmanmG,0.51,0.83,0.483,angry
6rlbzljFusv6pqMnf6buHb,0.541,0.82,0.146,sad
4DINOBcXuCsEdNCH1l4naj,0.14,0.923,0.326,angry
0f8lc6QabkwdZ89O2qRXkp,0.766,0.473,0.424,relaxed
2F08d4KocfOdWhn7aK3gDI,0.541,0.895,0.657,happy
3inZkpVlyHfLoxwuyu2GYW,0.612,0.55,0.371,relaxed
3EN4LzHTjEDHt4s5n3Fix5,0.61,0.545,0.324,relaxed
7rClhtwnre3TfFocdCMajr,0.398,0.47,0.351,relaxed
6N6L0UTuvkQV0joapmyoxx,0.505,0.993,0.349,angry
1DFqKXOIcd2IqhNFMwWWBR,0.599,0.924,0.413,relaxed
7LHZ7HA45ezKcdN8sBrBuS,0.309,0.767,0.413,sad
11XMjzsyPB5LYOwMb058bT,0.59,0.153,0.425,relaxed
7olD0K7CDQkbxH3G57k52l,0.411,0.364,0.715,sad
416e0SQe40tOyhQt9krWNz,0.518,0.429,0.325,relaxed
71geaRAZ2M5w08T3kl5Xvs,0.458,0.538,0.521,relaxed
05mzctclS0ZqqTLEiDIGkt,0.475,0.823,0.881,happy
29uKzagduhFDTWPCjqaGOg,0.63,0.788,0.629,happy
5Q7m1Km199HHMB926xxbrs,0.365,0.939,0.527,angry
1FjyLdteE3saWL1YRjQ3Of,0.61,0.983,0.484,angry
6LxDjupow6D5FzG2iAbyrt,0.34,0.0952,0.168,relaxed
1qrpoAMXodY6895hGKoUpA,0.632,0.773,0.474,happy
3LgNfgXrsIr5ewmrlelU1T,0.53,0.938,0.245,sad
5wBPIP7z3WN8aweHcF0AcW,0.224,0.991,0.127,angry
40u9RFyKQfXwpPjFzK1bGO,0.43,0.868,0.164,angry
3jXrYXeuqmNK7zbF0AukYd,0.313,0.815,0.373,relaxed
0K1fNhZL5YY2vc0HVxzDwF,0.493,0.443,0.41,happy
1pB5Y2BPLez1J49KKKewUE,0.495,0.772,0.56,happy
1W4FUDnrhdpvtF2p2q0gBx,0.434,0.564,0.0498,sad
4QH2mH5Jmwi9WfXGFwlHLQ,0.577,0.757,0.459,sad
65mxB9IWpmVo4qUjdGSxRB,0.663,0.72,0.608,happy
0z01b3z7TTWizIRvgXZ4eT,0.456,0.385,0.215,sad
4ttozjJu6p9v4RN5aheYfH,0.223,0.201,0.0622,sad
05zMBBrA6nfNKgIHr39Qag,0.369,0.853,0.619,angry
6oYGLiSdsWqvgsGAeVrRfF,0.557,0.993,0.202,sad
54UFDHWI2q7WHfrGbSNWph,0.31,0.83,0.617,angry
2mqaYmF0XmV8egZB6jQOtN,0.69,0.74,0.657,happy
0q5dK7tO2CrFl9hGIvU30r,0.748,0.674,0.808,happy
5BmagRD7Thki6O1zZwbxBy,0.251,0.954,0.264,happy
2iENV2zVh4k4JH3gV9SBk7,0.704,0.53,0.686,relaxed
3mA3Mt9a0LrQm9jg9GGx56,0.338,0.87,0.609,happy
0HZxfZDz4pWUnwlsTUcruB,0.669,0.493,0.556,relaxed
2HK9IFbugPwlagwlV4Lfbh,0.358,0.0429,0.271,sad
1Mdyqd3IcF2tVkJZovxHvF,0.183,0.983,0.122,angry
6C4LXC9UFH1IKiHYOp0BiJ,0.543,0.944,0.735,angry
5sSXr1JtSXW3825ZKfB9Rv,0.171,0.272,0.0364,sad
5gQ0LTbcX7gpQDg39gNLH8,0.166,0.956,0.238,angry
35ItUJlMtjOQW3SSiTCrrw,0.599,0.762,0.715,happy
1i6N76fftMZhijOzFQ5ZtL,0.721,0.521,0.942,angry
7xr2VCG56Vlb3skQqHWPA9,0.66,0.555,0.442,relaxed
4l2ljvyXOCVNbD5ff7NpM7,0.863,0.781,0.764,happy
4fq2YUONcgrCJ2SPndSeKC,0.209,0.872,0.294,sad
0IW0qaeyxL5Et4UG2MrJKB,0.595,0.754,0.647,happy
5Vm75e7iLljI6VHVFnLhs0,0.582,0.608,0.623,relaxed
2VHNsY89s3OW8eKA27PZc5,0.591,0.907,0.391,sad
3gQG7J5VZ2nOJkP76iIHHL,0.19,0.278,0.114,sad
5EYdTPdJD74r9EVZBztqGG,0.831,0.735,0.97,happy
7vrLphPq4yjaX7jiDdd2Nc,0.623,0.983,0.271,angry
2rCpTzi4WhncSCLlS6xf3O,0.265,0.869,0.492,angry
7aA3I3WevNCVeipuxHlnjO,0.558,0.84,0.64,happy
6iCsxY7ylVPS9Okw6QZfAU,0.373,0.952,0.342,sad
7wvv3OLPrX0pENjcDDLLbS,0.458,0.427,0.36,sad
0ZenWYpn5zoCCv9fZEZUte,0.351,0.835,0.752,happy
1ZR4QAYsiO9zPsGaMPW2OI,0.488,0.976,0.404,angry
1GCaJJ1JoTTlD6SvNTVlqo,0.812,0.546,0.871,relaxed
65pA1qrwArWQEYYzM7QpNN,0.55,0.594,0.581,sad
1k9fcGWwrnyuij2Lvd3OHs,0.552,0.519,0.509,relaxed
1q0wCfrE9eGFMzS2g8aVnx,0.351,0.21,0.394,sad
6xzzm22bl8aHP3cdPPLIrO,0.726,0.449,0.358,relaxed
40hrL4q3dxErnwzpIof6fc,0.385,0.465,0.104,sad
0iGu0ULXUSJRvXPCeEqHhO,0.316,0.151,0.263,sad
0mJwpq720tBgx8cNgrW8jo,0.627,0.524,0.206,sad
5jcNL4DreI4z4XnTfsx9SQ,0.554,0.345,0.542,happy
3tAa7azwNATrbRzDspSB2T,0.544,0.945,0.801,happy
7jcLeqojncPZAFh2VUO7mD,0.532,0.247,0.67,relaxed
3tYksAuEMrfk2t9kYjJs2h,0.568,0.866,0.558,happy
1pK1q6sBrGDUU9pMr3wFO1,0.507,0.522,0.485,happy
1RbOObDFn7GOseR1w529Zj,0.752,0.743,0.832,happy
2M4PVaTJGjXV91X8HAVQEx,0.517,0.893,0.248,happy
0o6168outk6kD3g6wq11j9,0.483,0.855,0.555,angry
4UvwXOGb1J39WUutrlXwTF,0.579,0.729,0.758,relaxed
4zfOtyoKyu9y27KQphnIXp,0.54,0.634,0.0941,relaxed
1vq6x0VSLtVUHMbNKHh9sF,0.551,0.828,0.802,relaxed
2u3egbFh5LZsiRTFPFi1LC,0.404,0.0819,0.18,sad
2gLDC8qAQEcuyKfiqyQbme,0.633,0.647,0.422,relaxed
40GFPBolcy0yucApV9uxq2,0.431,0.626,0.762,sad
66Yxbr2UODJjVBKdZtbnOL,0.57,0.301,0.808,happy
0fi1QF49lMHZ0xvzZtYIZJ,0.631,0.101,0.144,relaxed
3NHXj1DBuoxA7HL0xfQAZC,0.718,0.806,0.929,happy
22QiTJqDn1BIRSh4mkNJ5w,0.68,0.389,0.68,relaxed
2eNgh1bLsub7bBo9Nr0DdI,0.706,0.471,0.926,happy
2bku1YWarHpKlxVC2FB9dH,0.359,0.625,0.524,angry
0oIox8T3bdGZnhQKnaDK2a,0.442,0.906,0.705,angry
0QRxtcxL31dRAeiUUuENPu,0.332,0.946,0.303,angry
52M96UxJzKkHFSHGNiu8Du,0.285,0.914,0.144,angry
0ypg59NyOVCpWVzd0SUsT5,0.607,0.941,0.414,sad
4KpznDWSOWEJIvtJCEuNKR,0.546,0.325,0.496,relaxed
59tAS0swoeibMJQzySh6FH,0.715,0.579,0.806,happy
04e4GZMIeIuNPdXHklww01,0.21,0.898,0.421,happy
4xq3UOgaWBW2v3OklhZ8l6,0.408,0.0583,0.0348,sad
6Zewjs7at1sPyc03lUoAHB,0.439,0.647,0.567,relaxed
0MuJLuEaZuXX8aMBFCrTE4,0.307,0.987,0.0395,angry
1KhzUR6N12DxX4WLXK4AFs,0.317,0.995,0.111,angry
73mhroiLiHLb8kKuT3rb4p,0.719,0.233,0.492,relaxed
2wVY3XAbaIK0Kw2fzpuTSN,0.437,0.997,0.0419,angry
4UEo1b0wWrtHMC8bVqPiH8,0.554,0.949,0.233,angry
2IjS06NUi1aumi1t7VI4uY,0.3,0.717,0.418,sad
6HyVffzF6uXt9NHMgEkQpJ,0.61,0.951,0.683,angry
6dwhYg12fOFw8aUrnCOOqC,0.82,0.743,0.962,happy
6YPeTaHZIcocnoBNzZNRbM,0.645,0.753,0.578,relaxed
18lJrvDbhiENa2L2w3fDAl,0.598,0.503,0.57,relaxed
5cxnSTLzGD1t9xcdmJYFVB,0.607,0.411,0.412,sad
2hdy9Wt9qp7M7d0U3ossu2,0.717,0.587,0.544,happy
6YkHLUPBUttfwepwFgNNGX,0.802,0.969,0.679,happy
7vGOHxPXPDEc3YOyihLuPt,0.435,0.869,0.534,angry
0WkZQPNC0c7yrsMX1arVAd,0.643,0.617,0.881,happy
4sPEA6oaP7SWmH7mtY2tcF,0.679,0.481,0.853,happy
5ThljNlaUX5zNgNWBmanmG,0.51,0.83,0.483,angry
6PLQKVQv6BvZGtHtyJ8CaH,0.676,0.576,0.587,relaxed
1LwUHKpQoUudiBM9cnKzlC,0.573,0.14,0.329,relaxed
4K1DB7EedHPuVnhVrnvf2U,0.598,0.939,0.63,angry
2y8Az6zkzWtLKjx4XzaxaJ,0.509,0.404,0.576,happy
4CetCOzy2sv4DcMJJBa8lj,0.731,0.452,0.204,sad
5qR5b6Coq6srVHsa7vi7a0,0.313,0.733,0.49,sad
3ZK8icmaq8PMW686smPDVL,0.423,0.522,0.236,sad
3XpDUp9nn4f8LVMNy5Yot7,0.739,0.681,0.927,happy
6NjM8QCFOqeBdQk8ez5ru9,0.522,0.889,0.924,happy
11Q5n9PmpRQbbblwHygugt,0.256,0.831,0.161,sad
53z4AXUfcLDbI1fXMo6s17,0.591,0.904,0.542,happy
7aJlAYPwkWr4RxIDoohIiG,0.457,0.0184,0.614,relaxed
5FcH1QdaaYFhI20JbimTni,0.686,0.605,0.859,relaxed
77W3lUpBf1qf6gljH69Dbx,0.639,0.565,0.337,relaxed
7FMCSGCHA6hvU3A4NCxEqE,0.664,0.915,0.518,angry
0Ph6L4l8dYUuXFmb71Ajnd,0.425,0.954,0.933,happy
6WpTIA7S7XIVAkF7pXSm0Y,0.352,0.808,0.236,sad
0nQNG8KwzRXJcfcrYTw2SF,0.432,0.73,0.18,sad
2Qo5Bpb4Chv3KHhQn4dGWl,0.362,0.765,0.398,angry
7fdVUpopM88uhovZqqF6Nd,0.675,0.87,0.791,happy
1ltMHtAQH3o4tO9lIl1PdD,0.359,0.411,0.239,sad
0CoPoNohPHCjvggWHlxgk5,0.506,0.666,0.595,happy
6s3d8xe76eyHPgD2QYutJQ,0.282,0.977,0.337,angry
1gw8W2OJ1gswTB7haYnQAG,0.337,0.947,0.135,angry
7mrhHmGgMFApoHmOmciCo2,0.595,0.54,0.465,sad
1gyee1JuFFiP476LQpRMYU,0.509,0.843,0.332,angry
2nRcjNzm7Fv0Z0nJ7oIAFa,0.688,0.33,0.311,relaxed
04GPHj5NdoZxlztLXsPxXA,0.607,0.921,0.574,sad
3vD3Hqapwx1tNLGorK7Qec,0.713,0.399,0.516,sad
0Tn8FBEcA2KoptTPK8Iz8o,0.525,0.908,0.622,happy
6FA6zUTYWE4q7WA7y4RUMd,0.721,0.395,0.399,relaxed
0TXfAQ5ohVQPzt4Mrr5azG,0.491,0.733,0.791,sad
0UtFKlOgsSIYiT5dwXyG7f,0.486,0.416,0.361,relaxed
7MRyJPksH3G2cXHN8UKYzP,0.55,0.824,0.777,happy
0zGLlXbHlrAyBN1x6sY0rb,0.421,0.285,0.402,relaxed
5DMItYJluCFc7YtFdP4aXo,0.551,0.325,0.496,sad
0khOdsehmA43KWQm6X1ulM,0.519,0.745,0.244,sad
5OWF7n0zX8kyTJvv1jTvZX,0.83,0.789,0.749,happy
6qDtt5C55ZcGLqiaQBeUN7,0.754,0.64,0.822,happy
6OSg51YbfcjGwGdpbeAuh7,0.681,0.355,0.0791,sad
6lBOzYGkoPJz4tte6J4g0N,0.68,0.665,0.817,happy
0TckVHRVHbyHZfkuis3x9l,0.465,0.223,0.486,sad
2MmacUcqYxwdq8JrBIAPXD,0.383,0.981,0.478,angry
4MQBASY5egy39Vlqr3QjR4,0.396,0.743,0.722,happy
5PQhijtKTKgiKiyj8xolWn,0.387,0.997,0.039,angry
1rA2JNbWF2iOgNrpfHiyxx,0.516,0.564,0.351,relaxed
0MjerdRVWLtueFEsU7EBA1,0.557,0.675,0.69,happy
2KjmnyVafBbq4VEnrJ5rra,0.385,0.992,0.287,angry
4AwKXevZmsTNa3KZVj3rzl,0.429,0.914,0.685,angry
08c44mv6lHEfUHlPtVg8Yp,0.329,0.993,0.376,angry
5MSkxGObRYlH1926KiTt3K,0.324,0.631,0.104,angry
5zjQ3gF7xeNhMh0Is6wX0b,0.614,0.656,0.697,relaxed
0Aveu2KsriohUafrrerz1F,0.186,0.997,0.107,angry
0lsTEAxLB5Q2L2PAoG6Ogt,0.686,0.545,0.611,relaxed
0wDu7SfZrMdHAhIg6aCuxz,0.489,0.468,0.747,sad
4WDn0Xw164TxgFC0DHI2A4,0.636,0.723,0.648,happy
6leusOAUcF7GjBp0SzHsml,0.589,0.654,0.383,happy
4LvqPHF18hUhjJkueeGvEL,0.618,0.348,0.678,sad
6vEL7E8TGzrxuxbrgdlkLL,0.775,0.818,0.826,happy
6QdwofpqDvvNxX88C9A0iQ,0.601,0.643,0.387,happy
6nz35DNIzbtj5ztpDEcW1j,0.652,0.809,0.512,relaxed
6ewp4089yurchu7SYsa6Lc,0.492,0.965,0.668,happy
0vpmDaRtEuZyXLAjlCnPRI,0.336,0.904,0.629,angry
0gH7MNXQud3Pvnfv1zk3bL,0.299,0.97,0.154,angry
4DmH8WEuvLOXpZ5D18XHJw,0.401,0.871,0.372,angry
5BiuxSuxOZ9CcQ6SqICsDv,0.783,0.933,0.777,angry
2sxL7tTWXDg1JecLwwnJsY,0.626,0.534,0.261,relaxed
2b19g6WaqijXOkIfRBkqvJ,0.838,0.822,0.799,angry
7eZd2MZJTBfoe0isAyawPg,0.399,0.211,0.0391,sad
789uc4cmxmJmNHbOe69MXf,0.371,0.25,0.17,relaxed
3m0y8qLoznUYi73SUBP8GI,0.788,0.846,0.738,happy
6WY1i8lhy85bVfKtA77w6f,0.483,0.971,0.649,angry
3P0ZKM0sJiwYl6LWAgU9YF,0.559,0.492,0.143,sad
5G2g1EbEtFSMkMbAnhl7FV,0.39,0.694,0.795,happy
4UDBc9JhaeYIByH9yGlliW,0.531,0.525,0.338,sad
2h2FLYLTGP3wKSbZAPrnes,0.566,0.511,0.257,relaxed
5vPHVteUR4WqBRuA7TgPVE,0.635,0.843,0.63,relaxed
4ufzdKdQ06eUNn9JHtFhqd,0.313,0.123,0.239,relaxed
3F3R4uyTMkX9jRCEVVmdz6,0.835,0.456,0.224,angry
0UbOOyLRTds8hgvGcX0fO5,0.537,0.362,0.301,sad
6J620PPVt4U7TdJ1V4gC6O,0.535,0.952,0.553,angry
0o53b22Zm0rmrxbvUvHTec,0.744,0.862,0.81,happy
7bvBOzSYbzUMg9ElqkWQiA,0.486,0.934,0.765,happy
1hn7bdJkKHJnHm8QUsrswj,0.514,0.762,0.417,sad
0bvtmfkoui213LpKvGeZLs,0.56,0.428,0.151,relaxed
0XQycQvxuQ7wHF1si0YZmV,0.539,0.238,0.322,relaxed
4FzDNGNtmp4d9ktAyzyC48,0.296,0.529,0.458,happy
74iQ3gahRTOGc19bYadBE3,0.9,0.709,0.897,happy
7LmG4gBYF7T53JVfgVVFKy,0.695,0.834,0.725,relaxed
1wsNC96XFdHuk8nDoBCukO,0.61,0.715,0.642,sad
0Azd88KPJmLqRx5n0H9CJM,0.495,0.377,0.247,sad
24GtTGKVclRH7hyUrwdRgb,0.589,0.898,0.624,happy
2OphtQ1HBxFak62To0zQgz,0.489,0.239,0.33,relaxed
0IwAkElplqXf0Vsk4Vw10E,0.265,0.132,0.035,sad
0rxwAlMPozO5s7twIpJq0T,0.384,0.913,0.658,sad
13YyYNBofurxZCNYiFDibB,0.746,0.844,0.511,relaxed
2eADspwGh5Ad8tDoJ2bHsR,0.737,0.783,0.687,sad
3rhnF3pFa07OzA5ss2zLsp,0.275,0.377,0.123,sad
7Jh7ybOQABcxRGFNMuULQX,0.327,0.477,0.248,relaxed
52K4Nl7eVNqUpUeJeWJlwT,0.712,0.911,0.85,happy
4VRTc5oeHT6Wtz0WzdArGJ,0.565,0.313,0.358,relaxed
1DBelor6FdB6Twp346yJTm,0.518,0.0537,0.039,relaxed
1OdkGwkblQiitomcUOVP4Y,0.476,0.76,0.487,relaxed
6xHCjpneuA34NpmWrV4LKf,0.643,0.852,0.627,relaxed
4pX0g2bpFxG9So1NmSR75Q,0.325,0.382,0.547,sad
7FtRUrOEDUHTvenvp1BqZo,0.32,0.412,0.282,sad
1Qvgix3o9JNBOg1fVfLS9I,0.353,0.4,0.281,sad
3L0Q1AuD1kEx1DMO52H9IQ,0.517,0.681,0.323,relaxed
09ORSynamyltVPUrxJzxkZ,0.442,0.744,0.244,angry
5FnyVsDPOblZ8gVvaXta9z,0.742,0.483,0.638,happy
3pjJGRluO0JQflnN6TjUWJ,0.318,0.875,0.17,happy
1lCC3flXDsXQrNPcvDojuI,0.654,0.77,0.668,angry
3f06ODMl8hh7f9ZhpXhNUE,0.442,0.997,0.303,angry
63HkkLxSefpYzy1kPrcAOy,0.401,0.909,0.797,happy
1MQTmpYOZ6fcMQc56Hdo7T,0.426,0.929,0.539,angry
1SdXfg8sQWanEyHUYlYqH3,0.275,0.933,0.611,happy
5cLttQXyVI07tUKCN8T4OD,0.543,0.829,0.521,angry
3EUl8M6SzxZl03NPkB8mUd,0.698,0.632,0.458,sad
0celQdq97HfzQAHadHQYXg,0.633,0.193,0.115,relaxed
18lq8FwQ94jlSk95PTM7Mr,0.705,0.976,0.967,happy
6Ew3AXTWdNVFjHila1Xshp,0.453,0.895,0.452,happy
3gOzKbPb3Atac29uUNY08H,0.282,0.95,0.0814,sad
2QiqwOVUctPRVggO9G1Zs5,0.411,0.893,0.513,angry
2DlHlPMa4M17kufBvI2lEN,0.417,0.934,0.287,angry
6oMGH5YaeECF0mtRRZbdXk,0.355,0.659,0.0742,sad
7bonj8DN94QniEc4XXOW16,0.376,0.638,0.234,relaxed
3VLCtStwYsAL4LKZgeUvy3,0.519,0.379,0.208,sad
02VcRqgXXFbJMUf8afzGdG,0.441,0.959,0.401,angry
0y8s312zssBxZBfoIlW4e3,0.283,0.142,0.267,sad
5RkWQqzeuQUHeCbBxgIe5X,0.795,0.421,0.664,happy
3J09tJweoMVDYd8Fwjb1Nt,0.358,0.285,0.38,sad
4rXKKa4u0FlulCb5Na2KVW,0.263,0.41,0.0431,sad
6B8czH1kJLkcihMhFdr6Xp,0.322,0.69,0.492,sad
7i3xpu7SFWvzhGa9AZyySR,0.35,0.443,0.345,relaxed
4zvwporoplttLna2hmfsjZ,0.486,0.89,0.568,angry
5oZq62UfPdT8TiUeSA2lff,0.462,0.314,0.162,sad
1KKvumpYrpAW2ugEeKW3LQ,0.695,0.278,0.501,relaxed
1tdtEQPsl0OvuSNTvmBEZa,0.517,0.863,0.325,sad
2EGaDf0cPX789H3LNeB03D,0.666,0.871,0.936,happy
1nAGuIZXz6vb8XW0xiMqic,0.705,0.805,0.887,happy
2YtjxB2AchCLWQiBH3Zzfk,0.619,0.567,0.48,relaxed
0DsMyxW59yojgt0au0wWic,0.35,0.986,0.151,angry
6afOkCSh3EZfU9OluCgo34,0.387,0.95,0.333,angry
3uOxi3XD2dfSlUy3q1r73V,0.594,0.186,0.393,relaxed
0XFPXDISKbec6Ff4MdJHjX,0.292,0.156,0.133,relaxed
7alv4njKakY9fLlXHfcHvq,0.403,0.358,0.156,relaxed
5jzma6gCzYtKB1DbEwFZKH,0.651,0.801,0.776,angry
3FXkhPqETD7nkZsr1Vr7qX,0.415,0.956,0.183,angry
2Phq7kFebjWp2Gi5ungSWF,0.527,0.224,0.178,sad
7d4jwhRzkXPjrWtWGwBhxZ,0.526,0.916,0.438,sad
7tupXPhl9H8b13s1T5drCZ,0.403,0.516,0.114,sad
0M3dtTyluL25kckJeceiaX,0.299,0.982,0.43,angry
4UW5yJcnRrOtHdKOnBds7M,0.568,0.253,0.597,relaxed
6TaHShmHB955lxcJ92V0gs,0.516,0.646,0.679,happy
31A3oqQxDLdG9HRx45z62d,0.602,0.684,0.961,happy
5Q1WrsTDRJQXKlqLUo8YkG,0.556,0.762,0.332,relaxed
4HvIrl8JDx3ZocnGHFuQHe,0.712,0.432,0.359,relaxed
2zYzyRzz6pRmhPzyfMEC8s,0.574,0.913,0.423,angry
5OBriDrN0dLdVcPyuGS5m8,0.583,0.486,0.812,relaxed
4tAoetjTDGUJDoT4mNqUsT,0.685,0.939,0.621,happy
1bjCNsvQlN6a9lGmrSIlyq,0.402,0.314,0.0384,relaxed
5lJUXSjRjevVy7I3P87wuK,0.532,0.768,0.698,happy
3tF8QmI7HtceDBUdOuZHr6,0.472,0.79,0.531,sad
0LAfANg75hYiV1IAEP3vY6,0.757,0.957,0.933,happy
7BmZWYaI3Za0Y6BmNQ1qvX,0.222,0.931,0.0696,angry
6wnmRxEbwUK7WLyUtiRuT7,0.432,0.391,0.744,sad
7t5xZo0fUxFAU8B8LMo49R,0.662,0.61,0.587,relaxed
2dAIPA1IY8qI7VPj7OtjFK,0.483,0.725,0.551,relaxed
63DqeZNxhB6SaQq3ZtNoms,0.199,0.729,0.127,sad
544KWiVxKdGSG4LJ1Ph651,0.426,0.828,0.671,happy
76kNJ93ikzep2pBF2k555o,0.469,0.718,0.141,sad
2dhjLRNYu5pZV8NdfbkaHv,0.419,0.507,0.237,sad
4OtyLBftMzt6gneBgc1nvH,0.629,0.765,0.598,happy
3usYwtFGmBxjLOtUGbGUEh,0.418,0.85,0.524,relaxed
5FwWIMBccXtvV55Bsb0DcK,0.31,0.325,0.042,sad
1fOrdq5lDitklPno27DeHV,0.607,0.723,0.298,relaxed
7FxmsmphMyy09gdqGHeqFC,0.664,0.447,0.539,happy
2Y4zwRLRmBSrQd8vrfBIyK,0.722,0.602,0.574,relaxed
6wk4WJZsaiWiI15EhIwqrc,0.529,0.964,0.236,happy
4SYMibQ93bfzOk6uzkF0dO,0.745,0.771,0.752,happy
0yTUIzq63trQ6CxyOFMUMt,0.542,0.935,0.232,happy
3dYmruq1HiKJeOQ8h1OEfz,0.745,0.755,0.847,happy
0HgYF795g0WDD2xKq4RFM2,0.361,0.444,0.6,sad
1fplcK4BIi4k5hzp2DJ0kt,0.282,0.987,0.377,angry
6lFwruLUUriGXPuZc6FiN5,0.342,0.215,0.19,relaxed
4MiEDzwUdtC7yXLLxPgEdf,0.636,0.309,0.117,sad
7IE865TiMLStYYcqgFem18,0.517,0.522,0.422,sad
4X8eI0IxdwyixaeOPOeeGh,0.207,0.344,0.0659,relaxed
6q3URBXG6Tr9pMU0bOlvrc,0.331,0.775,0.661,angry
0tvepqOHxqKt2PYRcLTHRR,0.409,0.487,0.612,sad
3OOORI7nnPIuHNMwwu6Uhy,0.795,0.733,0.737,happy
1Mt6BsusgJJln2FMyGFLg1,0.48,0.859,0.311,angry
1PgEPyP9rhQNloWUQC0dRc,0.61,0.545,0.369,relaxed
4MLYH01rrqDifXe06KAkfz,0.655,0.842,0.727,sad
5G9KcZaxfCysfv4EryCB9b,0.595,0.928,0.982,happy
5w4s2ccJcpiNlajHVGtHDg,0.466,0.965,0.574,happy
4UtqFgWCzESmaNfBd48TCn,0.627,0.781,0.51,angry
2N89t3IAX0QQQMNREk3dIY,0.331,0.936,0.247,angry
1J0mCmH4RF4dVcvkLV8h37,0.172,0.21,0.0395,relaxed
2iEiNnKtDbbRLDGMmtft19,0.476,0.987,0.622,angry
35rbWJFPSnfTEDXvopaqxZ,0.501,0.803,0.39,happy
4gYrJ3JZsvaixzrpT4l6Qw,0.41,0.999,0.146,angry
16vhPYIryOQmSo13TR0qVi,0.589,0.596,0.457,relaxed
3HYyNVflGBMcMo7HC1GzwJ,0.663,0.898,0.688,happy
0Ts8bcZmPXIcdZfpbLBge8,0.561,0.264,0.218,relaxed
4hwYV0Yc7nRfXwd8HPiMgY,0.62,0.163,0.124,relaxed
6uGQKWdjmKvgH1QdDCcM8N,0.767,0.599,0.788,happy
6o8bpkuFMRS2b25Vui9aDC,0.436,0.881,0.262,sad
0QtGPaQfablJpxe0g2i59Y,0.153,0.115,0.0472,relaxed
3K7Q9PHUWPTaknlbFPThn2,0.885,0.664,0.906,happy
4qVZBA7jWL23SEWOfKFjiw,0.411,0.954,0.54,angry
08GOw3NsrJ0LsCCeyqzt3b,0.283,0.417,0.373,happy
2jzxiC3UWXAZpA91xcSjn0,0.513,0.715,0.339,sad
5dIcC2RTD2BOHTC1F0jrIN,0.696,0.133,0.653,relaxed
51BmeblTvUydK3gX9v0vWh,0.584,0.887,0.76,angry
1WUyvjg0OnTa7tQxdhMXEX,0.506,0.422,0.316,relaxed
4sGwWTjI3z9qdLzGYUtapA,0.5,0.792,0.13,sad
0K2vTerD7tLuGeT0UdpVFe,0.442,0.87,0.583,happy
4U6Cr9BFqSLMELIcms23CP,0.156,0.807,0.334,sad
6TABWfWzUPUR5mZHjLUsv2,0.177,0.803,0.138,sad
1UXCWSln5NVxq5O8qlfto3,0.608,0.84,0.893,happy
3tPIwl3JFAEBD8aAeE98RN,0.848,0.375,0.296,happy
0tZ3mElWcr74OOhKEiNz1x,0.412,0.919,0.572,angry
1myKbSaPIJMLpKfXoQGDiF,0.18,0.803,0.145,sad
68V9RjhHeMGQKzVuBIQTks,0.507,0.867,0.334,sad
7hU0ZQFx21ACgr7VfN77eZ,0.869,0.751,0.586,happy
75M54l87lwkbL120XUT8ib,0.597,0.95,0.65,happy
3bYl9J9GRpTxyhpZ0PXZED,0.323,0.412,0.122,sad
2wKpoU4mcCpU1JJPAm8Eup,0.667,0.398,0.337,relaxed
68V3O6AKY5uqr9HM2NFOBS,0.304,0.332,0.267,sad
0Dm43YLUlGdePpSbI1ct8h,0.662,0.624,0.961,happy
0R50DrkR0qUksumbLAMyMf,0.761,0.801,0.891,sad
7wz8LNfmGZ3C0PwKW9LdDg,0.48,0.923,0.44,angry
1j0M16aCYbuPk289447Oin,0.266,0.0532,0.0439,relaxed
4Ige2bxif1581VlYOcbTfv,0.328,0.177,0.353,relaxed
2ymeOsYijJz09LfKw3yM2x,0.649,0.679,0.971,happy
0s46SltT4On0Z6kglK1I5c,0.8,0.922,0.801,happy
3UYtaHueymJD8G8bqupHbt,0.782,0.7,0.899,happy
7eemwtT2rGkKMFCJn74Zei,0.743,0.893,0.639,happy
27AHAtAirQapVldIm4c9ZX,0.749,0.745,0.481,happy
7aNVTsJFlnaUTEBO6fvWho,0.506,0.095,0.404,sad
79nOKa4cC3oMkzJT2kL0Jk,0.573,0.62,0.816,happy
1NztqYNINrAChx8XESTNwn,0.248,0.997,0.068,angry
512No5uXtXbhNh7OOz03pF,0.611,0.702,0.302,angry
6DPEiaHOR3bFoZNbgHcSia,0.238,0.392,0.0846,sad
0Jcjqx0IPMmK7se9Qn0B54,0.628,0.428,0.196,sad
0pzjcWYkyynxhONSm5C8Cu,0.614,0.663,0.823,happy
4TJzAQN4lSRLMafylE0c4a,0.491,0.685,0.193,angry
1dToJK56u2pOVA3S66OgPB,0.433,0.667,0.243,relaxed
6Hqtp4jSJwUe5YK3WTgp3p,0.384,0.99,0.431,angry
4hG4qfYCvSZxueVmohHnRj,0.288,0.251,0.426,relaxed
208SjDFez0c6Ud43UX863k,0.339,0.378,0.0355,relaxed
4wTzOQlh77gNmhFxdei7Tu,0.941,0.63,0.935,happy
2aZE7FePhgebZkbSlKpZYX,0.524,0.98,0.396,angry
200etNpz0AiL62lD6xzD8u,0.479,0.902,0.768,happy
1bw2woPnnaR3KU05MsVsWx,0.31,0.969,0.564,angry
5FzBxhIsZBFXDTVGWtV4IQ,0.878,0.655,0.963,angry
63CN17DJ3zTiiaw6i0AIY5,0.325,0.658,0.206,sad
4oZZJLQAPhO4eDT0PnCYIB,0.271,0.492,0.0905,sad
760420tYNmNjFgi8bWvbop,0.81,0.526,0.811,relaxed
4drOZxtx3tjVazPLmG4MRC,0.532,0.984,0.688,angry
1c8p5UwsBxVbyCBPdZIndL,0.289,0.192,0.208,relaxed
3Ob9DuVZAtQHH1JMXWfWWV,0.46,0.823,0.147,angry
6Uq5Vi8UmZGzGIicjkkz64,0.863,0.907,0.807,angry
5Io6erQEbeMrDwpLClYLuF,0.283,0.923,0.569,angry
1qev18TlW5KOrvlvkhWFF6,0.791,0.903,0.961,happy
5fj76kVAnqRKKhAw5d06jj,0.661,0.662,0.825,angry
2hRz8zDeu7Y6zeAMPXfHy9,0.41,0.0379,0.104,sad
70Gyr3J0em5JccIffFkBDw,0.727,0.479,0.581,relaxed
1qxkzHlZBXFv5HfyYqJ8cy,0.147,0.958,0.0368,angry
0xAhbD6lCf5re1RXl5yiTm,0.609,0.611,0.916,happy
6sLnMsufBbrNUGgXYfKOJL,0.314,0.895,0.561,happy
0NGH2J90wtSYjlbaxWR8jJ,0.639,0.244,0.882,happy
4rpNjW4HXxh8o5UwS7UoWL,0.705,0.309,0.426,relaxed
0raznYB5H9SSdrMwxd6VqZ,0.347,0.552,0.387,happy
4L0Xc1wKbQxLPbL3vXQWdi,0.316,0.754,0.409,happy
0cEryT9Y8vgPpWoEjghhCB,0.478,0.977,0.457,angry
5lRDJQ9RsfuncjKXVibraF,0.624,0.879,0.741,happy
67ZszWmBE8Vm8S8c15yljf,0.592,0.639,0.351,sad
0Eos5D7dZMxV5zcuFfzlqp,0.558,0.673,0.826,happy
34I78yFZ2w0v8CUt6vyeqE,0.239,0.4,0.147,relaxed
2XwLsd322WZ9hCTzYBLsZU,0.0902,0.17,0.0883,relaxed
4INBCWNhGrr7GkOs0QwMcU,0.249,0.0137,0.203,sad
61YRU6f29zObMJs2gEFM4B,0.216,0.44,0.0713,angry
07BEUKLzKIwyASJg9N7b9x,0.67,0.737,0.898,angry
1QlIB0pkLKR8vEDSW7r42t,0.623,0.797,0.802,relaxed
64Ei3OCnT9OosQfjNz6enh,0.827,0.669,0.825,happy
2V7AlCtwsvWaondWeo1hvm,0.689,0.419,0.529,relaxed
21lljWLLI0vIPrco0kQNoV,0.279,0.948,0.416,angry
05fBPztfk8kjaRXXx58fvm,0.568,0.94,0.349,happy
48LYcLfuBtTfKD6DLlyOyj,0.409,0.525,0.223,sad
7BvPWah3dB1esQ4msJq2wG,0.364,0.381,0.383,happy
7o2Razxnl33Jrgz4PpMYNa,0.456,0.704,0.656,angry
6yPBONQzToDpSP5302UjTJ,0.829,0.682,0.766,happy
5VANqRRzSEkEuAi4oO9yag,0.207,0.863,0.47,angry
3HrNkxybHgl7QqAvUDgFJ8,0.536,0.883,0.69,happy
1sxOACEZ2xAMRB0TLaCwIl,0.497,0.951,0.617,angry
3FEzY2dIAYJjBvTRaUB3si,0.698,0.703,0.801,relaxed
4iW98ZK1gNzcXmQ5TgTD9X,0.435,0.929,0.65,happy
5e2KiJXyu2o0sucvwNnDqz,0.649,0.445,0.489,relaxed
6lvJDlBrtabJWiBlMTGxKs,0.5,0.47,0.0766,angry
5UcKluDovXMimUdpLaEhx9,0.328,0.976,0.0671,angry
0FTiNyzrfZKCe56oSajsVm,0.609,0.464,0.786,relaxed
06UPCXzhIsXnceSXmKLMEY,0.573,0.831,0.766,angry
1MQTmpYOZ6fcMQc56Hdo7T,0.426,0.929,0.539,angry
4HrOXQWurVlu8QcKkwJZHN,0.616,0.454,0.298,relaxed
4dBZKtBAEv1oMrZub2UUgM,0.514,0.597,0.26,sad
2HvCL8hgJoHrrGAZEjQ3mM,0.644,0.946,0.53,angry
0dco6ZSO8vnL2fHRi10XSY,0.164,0.239,0.0378,sad
6IC6VhpV7D8T1t037Atqpu,0.664,0.706,0.681,happy
6060B2ritHcstUzSG249dP,0.501,0.0466,0.133,sad
3MCTWjESizm3zWozv4DrR9,0.219,0.24,0.0797,relaxed
2D8eyyn2NLF6scX7aR1lz1,0.273,0.429,0.0856,sad
70uZXOG2KTAHwcAgp4QyYr,0.642,0.477,0.653,happy
65PHNP3b6lwj74BCJolqJi,0.496,0.838,0.527,sad
0XDv7SLyMkGcAnb12fMHa1,0.68,0.665,0.862,angry
2KeNSHFAoULjXHjE5cMJE5,0.235,0.593,0.145,sad
57SZDmQZGWSRApYq2XP6uO,0.302,0.0456,0.221,relaxed
797yFfRCf6hIg0esdCts9e,0.627,0.608,0.526,relaxed
5xn1j6DBs769Kn3BvGQWDA,0.373,0.938,0.43,sad
4OjqnBdTXfkObStepIo0qh,0.356,0.426,0.0903,sad
5pRg4rxlWQS2J9cpmISPL0,0.697,0.795,0.947,happy
0HxFfvcePAN3Jec7Bgg1Rq,0.24,0.0518,0.275,relaxed
10kh9WpO4XlJWhJKfW4I7t,0.76,0.597,0.744,relaxed
7cz70nyRXlCJOE85whEkgU,0.361,0.901,0.482,happy
0ZuIstS2vy1OxfHfEnsXv3,0.519,0.215,0.11,sad
6Esd3vqNMK7fbwx7foKtz7,0.668,0.0199,0.0414,sad
3Z4kf3flcP9EvXlvlPwaCL,0.397,0.915,0.621,happy
54sZxcHbQubdbmjEdAFp7w,0.739,0.934,0.735,angry
6TQ3JV6SvNytGEJLxNHN8t,0.502,0.905,0.655,sad
7ypxYaJBJJV7iTUcoyNM1t,0.422,0.502,0.154,relaxed
1GBne69tjYyka9cTg4vPol,0.36,0.748,0.33,sad
0uOskbuGVd6E4IJqOpp5nd,0.229,0.297,0.0367,relaxed
5PN73QFWNzDjiNzzAQD3b0,0.137,0.0497,0.164,relaxed
5wFdcY9O6cEn1PL6V3AEmu,0.786,0.46,0.861,relaxed
4861EnOMHPW4LsKeqWvLKh,0.594,0.987,0.122,angry
7wyVuNCEr1j8NfG1vwMXZp,0.356,0.961,0.267,angry
6nfyBlhxSUO8sU327DL56G,0.695,0.748,0.725,happy
2oO0aXcXFS3yhCBB83q8yE,0.563,0.601,0.0859,relaxed
5gJKsGij5oGt5H5RSFYXPa,0.671,0.742,0.897,happy
0AKkJA9fOLjUPYtXhButOt,0.614,0.258,0.0403,relaxed
0sfPTWby4AdPpOlDj3vaiS,0.796,0.693,0.802,happy
77NwdlKUIMS3gvvJeO5KK1,0.72,0.562,0.798,happy
6naxalmIoLFWR0siv8dnQQ,0.751,0.834,0.894,happy
2UXzCNvGSXfjeU5Iynwqhp,0.34,0.933,0.167,angry
5zsK7qHas5MM06v9QZcYiM,0.611,0.166,0.0376,sad
77H1MiDaSzaa1tiFoZGwPA,0.47,0.617,0.171,relaxed
0LzrhCZFXW94Y8nwtTuRlw,0.926,0.916,0.904,happy
29QwcZbRpGj68LCxlQQabs,0.504,0.659,0.304,sad
6vHZjJWTYPBQB7sLSLdfMs,0.932,0.528,0.586,happy
1DUI6n3swOtGjtY2ZpFdVk,0.173,0.129,0.0397,sad
4EJjwH5VKFYfhjji1lDmiH,0.412,0.782,0.149,sad
0tURbnatc9qCxlYpXuPK8I,0.561,0.447,0.729,relaxed
1twgA3XKowDHnLVIjI4hVb,0.444,0.63,0.571,happy
33W85UeiJlAXGBkfPHy3Tx,0.814,0.391,0.213,relaxed
0QXX3wBM2quMca45ptpjfZ,0.458,0.698,0.774,relaxed
0T6T2Zhy93efoPhG7SLfW0,0.182,0.946,0.273,angry
6ILLaroecVqFHzgexrMhG6,0.573,0.179,0.174,relaxed
1ivJ1VGhFOYNHgD4HtytvB,0.544,0.809,0.232,relaxed
4Inw13xwgtATkR9Emx9u4r,0.399,0.1,0.0907,sad
4YCnTYbq3oL1Lqpyxg33CU,0.571,0.618,0.852,happy
611JqyyubQciZwg8qk3ryl,0.615,0.575,0.362,relaxed
1F4eFYBfsN6DLvhDR13KIY,0.679,0.792,0.694,happy
0bK4UaOy5lo8zFrwy6KBNF,0.412,0.317,0.0623,sad
35zDO7WkyvNPIdJmYeIq9z,0.431,0.566,0.148,relaxed
168sYt0Dnp8BEtIMwUDKUN,0.778,0.627,0.471,happy
3sJgsnM4yJTBvoIPAwBprX,0.435,0.991,0.156,angry
0tYPj0NYa7vjlJaqlRSnJb,0.792,0.589,0.778,happy
7zs5aog6tlIeniHcnoB0HJ,0.604,0.851,0.649,sad
6me1hcN1gDrlXAHTHZ4PFE,0.457,0.457,0.16,relaxed
03794FHTruV54i92ZvNESw,0.584,0.823,0.323,angry
5cJ7OceDi9wjjoWpOpZMVm,0.226,0.969,0.248,angry
7sDHATTxfsfqMsLxYMZhTo,0.661,0.51,0.461,relaxed
653Fi3bqMxQQQmjw72ur6G,0.848,0.868,0.871,happy
1GeECVH4Msg1zLm8DExkbH,0.961,0.9,0.95,happy
5ic6aBdaHSqTr9HsFNc2Ul,0.59,0.868,0.848,happy
06LeIna8Ec479qKZuW5UW9,0.553,0.444,0.275,relaxed
2k6hpKTyubRVOmQR11ViY3,0.499,0.637,0.103,relaxed
59FzvTbXeHaF2POKmoMr3k,0.364,0.182,0.1,relaxed
4vJr55lngvhSM8WIh9CjQc,0.274,0.726,0.426,angry
5GIHRDgUeG2ypCppjMZFYk,0.264,0.796,0.291,sad
2OTqhRIYw6EmsF3LvE7na9,0.611,0.58,0.828,relaxed
1VTVNIlEDhl0eG5jJrYRTo,0.401,0.981,0.51,happy
0Nj4eoThAEPpmeSA6zWYEs,0.247,0.868,0.261,sad
6ttOR8tpvZFmQXuWLY46TP,0.286,0.944,0.271,sad
4fI41CLoCeszy2VKMb4QJS,0.508,0.857,0.373,angry
3kS9OV7X6DUYt08g1AQt73,0.911,0.755,0.937,happy
7snQQk1zcKl8gZ92AnueZW,0.446,0.952,0.624,happy
5fFpjmdr07PXjlwQLhz8xf,0.568,0.604,0.416,angry
146MlLR1W5A1CD5wCRadHT,0.508,0.866,0.669,happy
2vzRDicmCblPDq3vdY8Rjg,0.77,0.605,0.382,sad
4uC7IrfS1oQuRCVzqj1EJV,0.579,0.0858,0.341,relaxed
2wkPiCrIJyslR9BCcEl7SS,0.567,0.754,0.962,happy
6dKYAtGciLRm8uOD1LiSVf,0.717,0.877,0.794,happy
59WN2psjkt1tyaxjspN8fp,0.466,0.833,0.661,angry
2zbBZPt6ZIEAnsZ3cUpKSx,0.54,0.346,0.144,sad
6Zh9b9bty83VzIekHnbSuT,0.663,0.385,0.325,relaxed
3hUTwUiS7H79Po2hnErd8H,0.293,0.95,0.331,angry
2AQA7DsO3YcSxZ5vg1cCoi,0.225,0.384,0.0928,relaxed
4snp3oSET37A4cdpjHD0bq,0.47,0.644,0.421,sad
6zCQgL3teCMheNxkhxm7s1,0.436,0.0425,0.0398,sad
4TOZ8TuZQRMEgJjNsgewg2,0.405,0.996,0.182,angry
6Zo3QapMvKMceJPHTHNs19,0.696,0.58,0.494,angry
5qaxeIJLARExwa34d9TuYp,0.803,0.901,0.837,happy
4NS9X69Qct0IObCiHcWTex,0.609,0.858,0.882,angry
705z6CMUlCuVVbwVGiMT95,0.305,0.0289,0.0643,sad
1ws4pZoQoMAw04wn2zRCgH,0.431,0.915,0.396,happy
5QGsBSFjvJMFB6GOfvOpY9,0.407,0.135,0.119,relaxed
74HYrIbnpc2xKCTenv5qKM,0.643,0.535,0.564,relaxed
7N1Vjtzr1lmmCW9iasQ8YO,0.813,0.703,0.241,angry
2O2OWqET6S7dzrlRRfUegW,0.212,0.343,0.152,relaxed
5Wt2UAS92w2ZyDqX2dOEBg,0.903,0.785,0.965,angry
0jTTjg6q4jsd2RhuHwTvLj,0.694,0.709,0.566,happy
4w3tQBXhn5345eUXDGBWZG,0.554,0.783,0.813,happy
0Vcpo9El50PNNbZXfKbNti,0.539,0.982,0.145,angry
2PdZihF5QlKP2umblTGwgZ,0.213,0.0308,0.043,relaxed
46aZJc0z1HHHSFxaIRxYSP,0.801,0.674,0.875,angry
13i5XpzqdQ5KTIKatuIVoa,0.624,0.999,0.89,happy
4MJ4El9vcKHOQT2RNIhrh2,0.6,0.372,0.553,relaxed
4fPVJz7EYTqCqgXxLjQrSn,0.556,0.865,0.55,angry
07EHYORZMFGlBdI5zIB7lp,0.625,0.719,0.524,angry
6XB3HAXc0mnq0hViL0kgqM,0.599,0.717,0.808,happy
60YSrrQDF4AEJUM9NRSqmK,0.692,0.838,0.448,angry
2LPLfzX076Bb2yr0KWNhGz,0.566,0.902,0.887,sad
13YyYNBofurxZCNYiFDibB,0.746,0.844,0.511,relaxed
7BzHZUnFs0OyQNt8boAqdf,0.435,0.79,0.805,relaxed
6veJhyDOfGdClSnu8VXCeG,0.76,0.899,0.35,happy
7s9lVgi9Hxt1vbfndtJIYG,0.579,0.333,0.485,relaxed
04EtBLFIxbcVt9NdYgcrpF,0.512,0.996,0.0601,angry
5otXJIeiF43SPz7R7ov8GX,0.39,0.967,0.416,angry
5v3TSHYm8BzbON2u6QBEG7,0.295,0.545,0.438,sad
2lIuQqrHdXtYiR4LzZa7t8,0.588,0.682,0.646,angry
0D0zcVwbNZURlU167tulGe,0.567,0.589,0.172,sad
678Fh7cIfN1sLqxsj5sc2G,0.403,0.891,0.427,angry
4sBvWjWsZXm3iZMnYARGAs,0.668,0.692,0.481,relaxed
2jZe7EcHmEtapkAh05ZEdS,0.324,0.628,0.427,happy
2c7AnyxXkbemyTEpzprQVx,0.59,0.474,0.235,relaxed
0KiSRl2usPXSGaBaRhKnmS,0.185,0.337,0.0371,sad
6bl2WXw0UfCuEI4pt8ZMqt,0.727,0.831,0.971,happy
6W2Ef5Ph6ILTUAedoQ3QIv,0.853,0.811,0.9,happy
25NAjNEXXkdF2AlijCTWEK,0.69,0.61,0.508,relaxed
3yuvhTtHD1cMAgUEsTe1yL,0.561,0.906,0.595,happy
16FkMQeRPTH1ZotvfdzUhf,0.246,0.869,0.295,sad
3YBTxokhuaszeWCOXC7FQn,0.444,0.409,0.544,sad
4lU7OMm9xWPNjusCWVJcPY,0.462,0.922,0.378,angry
6hIroseB9TaxU9a5lhO4sD,0.267,0.957,0.141,angry
4gUYV3ktbaOeAK5KrXMWV5,0.563,0.705,0.822,angry
1p50Ir1Hm6Sa1urjaLGi7L,0.601,0.831,0.296,angry
68rqXl8LTdwEd2u0QMkWvi,0.824,0.687,0.717,happy
4r7wKbbQPN4hzNWjLM5554,0.456,0.997,0.0776,angry
6jV3XfTAP1S3SMChxJ2kJh,0.759,0.889,0.886,happy
1YTuMc934yzN1PKjSIaspV,0.739,0.669,0.857,happy
0ljJXPfDRC1R2EsC2zMNMQ,0.365,0.394,0.458,sad
5dd5jvcUTWU4oksugr6ogU,0.621,0.895,0.813,happy
6LzZ1ipLLqDhi15FMjadwa,0.144,0.994,0.0391,angry
5eCDmJu9Iocm9BKt3Oufup,0.366,0.419,0.238,sad
3KmNFfvM2EyGdNPwDDJCp7,0.38,0.727,0.115,sad
16dTcp6dokMKhm1Guz9K2W,0.526,0.83,0.187,sad
5wqlRFdpJ1a4kMIBSWeCnN,0.443,0.96,0.533,angry
0W9f3lY38EJj0Yw6auA6Vv,0.555,0.386,0.358,relaxed
3h9zGJCR0ayAxxub015xb7,0.53,0.827,0.379,happy
0XiivUyimrmkUyJkKiILPW,0.414,0.988,0.489,angry
7bzzC7QIfflM9eEj2aqaYX,0.533,0.426,0.274,relaxed
3Hl5UjXyGKjI75khqziYCn,0.688,0.848,0.722,relaxed
4AHTD3HPXgv7AuTCpEhZ4K,0.509,0.328,0.284,sad
0Tk3TlKSOdzr0zfPz6hhUp,0.464,0.381,0.0739,sad
2RRFTLIglxHgAYQzsSLI4Y,0.761,0.516,0.562,sad
5YLnabu7NKSDWx17IfBuSK,0.681,0.727,0.7,angry
75L2lwtq23kEfkJkDFfHi3,0.426,0.264,0.0702,sad
5xABQiiRBuVWsL9zamoj1G,0.323,0.982,0.48,angry
1Ooxm7WoFLrzibkyRj8xin,0.293,0.707,0.0325,relaxed
1dcsxw4esjNLv3KuJznHnQ,0.539,0.963,0.503,angry
4rA3vrrPjc5hFXzhfXjCEM,0.703,0.199,0.555,sad
3AIsybnGu6EB5WZpWOfSF4,0.59,0.327,0.125,relaxed
6tDQmhY2baj9sYvq2p0ONe,0.413,0.696,0.372,sad
37njHzdfUyAIeLjWx4YitR,0.438,0.703,0.334,happy
69tCCl6wUvt9DB9LcFLoT6,0.558,0.0766,0.278,sad
57TaM8GozkJBz90xvQ1xME,0.566,0.585,0.75,relaxed
3jagGO7eHHuaD53ibehkux,0.364,0.935,0.478,angry
7EM7dE5PeAeZh4BIRq45Z4,0.333,0.506,0.297,sad
75IN3CtuZwTHTnZvYM4qnJ,0.869,0.68,0.815,happy
4Xy7Yto9XF1NnOb7a6BdeL,0.567,0.392,0.322,relaxed
6H7nDglS6xWpRidbhMwI2L,0.585,0.511,0.552,happy
5Tk35cpxONPpB2gXpZ7ATZ,0.813,0.529,0.598,relaxed
76wJIkA63AgwA92hUhpE2V,0.791,0.804,0.765,angry
7hNZzSKQPYXRANrSFwJN6M,0.728,0.318,0.71,relaxed
6Lr8xVnILGgybhgSLWlT5S,0.387,0.652,0.113,sad
2OuNnwnNQyWrF47pthWxNb,0.133,0.927,0.5,angry
6qmWUrLqtHXy7C2UBDEDQh,0.423,0.885,0.628,relaxed
47MLKnVQpYNzHQps6EfULG,0.499,0.505,0.598,relaxed
7BHOCLm5ZYpbOB1nVjAj2i,0.593,0.953,0.0928,angry
0LSLM0zuWRkEYemF7JcfEE,0.812,0.516,0.633,happy
2VXsh1m4uxDdhmOgQfehFI,0.511,0.317,0.164,relaxed
3lGw7qPio3J6htK1kMKNLC,0.508,0.889,0.708,sad
6Q1QAEr9XXlqJClLouegmB,0.293,0.853,0.544,happy
0jVDUBHY2SziMS3MwhKBpJ,0.165,0.0483,0.0685,relaxed
02XvknCqa2kPcOLdqD9h69,0.849,0.509,0.335,relaxed
5aToptR2nUBuuD2C2hXuLt,0.329,0.953,0.325,angry
4ZD6SiaJi75smnel0d7jl3,0.49,0.852,0.663,happy
3KmaAbepfIVA6VYFIUhRLe,0.646,0.603,0.94,happy
6QJkYv3Cgr04n5vCBz2lrF,0.363,0.92,0.21,angry
5Ow9efW1iqjQh8ejQ3uVj4,0.327,0.593,0.176,sad
6H6jikiotP4Ygv5oxPGPDW,0.356,0.987,0.412,angry
5g924DBWMk3Crw134IO0Sj,0.437,0.947,0.077,angry
19MMMKq4LzbTvhOMYccIRd,0.487,0.491,0.435,relaxed
6QmDfZSMrissIiFADcmGGf,0.287,0.199,0.217,relaxed
2uWMj52ImAeeGQFJmVlU5H,0.796,0.542,0.855,relaxed
1Y5B1vvFDia8MtyM16UgnN,0.6,0.317,0.367,relaxed
7HxSyRpQ4dP5OV9FVypDAh,0.383,0.908,0.621,happy
7n00odRuVpmiBWUZoU2dL6,0.395,0.693,0.159,sad
41KfznN28wLlS8l25C1FtT,0.421,0.98,0.304,happy
1bCXKWb5TTlhRgdrF3CUzW,0.505,0.738,0.255,relaxed
1mw5MkaBQwKfz4ecH9IW7D,0.339,0.259,0.257,sad
1Av1JK0y7tONGuUQQfxyON,0.696,0.379,0.377,relaxed
0uHYplBhwLYey7f9qAmnSM,0.564,0.357,0.477,sad
2vYatwobnDHofqnbnpWgbQ,0.606,0.608,0.537,sad
4cwuNVB4rrBBh3d2vKKaL4,0.475,0.323,0.131,relaxed
6ocVtY2pO2fxuvhaQVKMqP,0.25,0.974,0.061,angry
72Pnc2r7k6TA0SLzapYV2u,0.296,0.0816,0.361,sad
73SsX4CUXflgE4AupsB6Fr,0.806,0.847,0.832,angry
0iA3xXSkSCiJywKyo1UKjQ,0.623,0.709,0.948,happy
3bYrxDub4IJVA0g0FAbiYd,0.839,0.399,0.437,angry
4h7BuQANKsVhUEUQKKs3K5,0.608,0.546,0.613,relaxed
3Mzqw2mz9YMKjjCEmypYfZ,0.857,0.721,0.594,angry
5Vrczz39CvlD3OGCa6utoA,0.82,0.464,0.872,happy
0mZNKyrUmsrlDRoYHWsyMu,0.672,0.897,0.777,happy
6EIcWANLQz3T8KmwRGbH49,0.496,0.311,0.201,sad
49bDIpHDL6rjqemVbFHry5,0.848,0.691,0.922,angry
6RL4yr3zt4CIbcz9ZZQ8iA,0.572,0.927,0.708,happy
3SgZjX2GE6KEtsHBVt9Kjc,0.545,0.404,0.154,relaxed
7C66bYvMXjwi4dlmNvBd2p,0.611,0.864,0.853,relaxed
1lMOVSq36UBHIoUnyN5VCL,0.3,0.0102,0.143,relaxed
1eWpMDwnnNEoUgsiDTutLj,0.69,0.194,0.142,sad
2Ge2W8ok5wSL7LSLpGZeB0,0.473,0.703,0.299,angry
0EYLkHLJSmJ2hMdtbTjaHQ,0.491,0.234,0.28,sad
3Z5I3tySu3V1dB2Aw3djok,0.808,0.171,0.482,relaxed
278BAZ4vtPE1WenMSO5n1u,0.436,0.976,0.372,angry
1g5DCObDn6JJrOPTuSkbvQ,0.548,0.35,0.264,sad
2V473qE28Ky0ixp2qc7dgz,0.331,0.138,0.164,relaxed
3LrupU93bwJXC26eRzkWIc,0.418,0.877,0.778,happy
3JVhEJdWiaWepTAVWGYqD5,0.316,0.174,0.305,relaxed
4QrqAfFmcMKdsef1yhRJkI,0.267,0.373,0.187,relaxed
2WhSGUr0CCL9nICDw7UfHi,0.811,0.635,0.836,relaxed
19g7rdVgVgC5q3x5XYj6Wk,0.653,0.502,0.363,sad
5Cg9aQIEM2exLNBPupf6V4,0.53,0.781,0.728,relaxed
46ZwVC2uoJzA1418QYPekM,0.64,0.681,0.416,relaxed
3fzk6O2HS8bKAFAXpH9stR,0.31,0.978,0.114,angry
033N3Mf87ODmORg6YO61cm,0.801,0.714,0.496,happy
1B1EUHV09N9JxBoQaXMwcT,0.475,0.0483,0.184,relaxed
4WY3HyGXsWqjFRCVD6gnTe,0.655,0.488,0.791,happy
0iw3iuXoN48GkZpuy0c7bK,0.347,0.0774,0.169,relaxed
27L8sESb3KR79asDUBu8nW,0.774,0.75,0.927,happy
29002jpB0oFhkxzbL7rW8e,0.718,0.895,0.856,happy
2HlKSufhcnPDZAS1S7jLg6,0.753,0.779,0.62,angry
4wEbikMfcSFAukCbbL06si,0.575,0.927,0.473,angry
3PIZLOw5ZUkANySOvfCQkv,0.525,0.384,0.157,sad
2oHUKeJFudnmGCM08qsxhI,0.353,0.464,0.148,sad
41FcDZslc0stEDriURJKaK,0.51,0.964,0.429,angry
2ui08pG6XpoX4Cu198ZPGq,0.412,0.75,0.508,sad
2LrkTTC29VD8HLqulQVO3P,0.478,0.816,0.542,happy
5fez90nC0bLKS4DCeEqsYV,0.442,0.572,0.412,sad
7B2SMMslfm3Ocf7ZnTa5dS,0.708,0.846,0.859,relaxed
240lpdB9bBXFyNVjmSPRV2,0.535,0.496,0.193,sad
1AvrWYdBAIAN5Su7wEw6C6,0.428,0.586,0.25,sad
5X5wkmwPA1rQwtBdh2SNTv,0.366,0.848,0.162,angry
0Lswx5g3ReMvgXhXbsgp5t,0.494,0.353,0.185,sad
4nxAA2HjQUyPdikulwuXbc,0.563,0.785,0.386,sad
4mbljJEr6SyhcImsdSWmz0,0.343,0.982,0.372,angry
2OTqhRIYw6EmsF3LvE7na9,0.611,0.58,0.828,relaxed
5ajp3TnB69Nr8dJlbOj5LE,0.52,0.443,0.333,sad
2x8kLwGz0RiL2Tos882nZt,0.47,0.924,0.476,angry
6HlFxHQ5nn6HYGxOOYIrLm,0.593,0.933,0.497,angry
2BjUvisO4UVAtTHs4lYiqu,0.711,0.686,0.57,relaxed
6fcwyNqo0AUDpCwmzdZQvl,0.246,0.0367,0.0953,relaxed
4f8hBeMXMvssn6HtFAtblo,0.654,0.452,0.691,relaxed
6Wiyd7AsRdXvXGrxNkbqQ1,0.738,0.562,0.476,sad
1SzGd4h9ewEjajn8Tgdqor,0.65,0.276,0.45,sad
1pIPSYShhLSGEDb3VT1JNC,0.633,0.721,0.499,sad
0fgeMBoicPh1ZiXkJVCi5E,0.243,0.997,0.0555,angry
2zETdkc5Wm23NLHEWDillV,0.338,0.974,0.398,angry
2HFTLoNxcfGce6cnZEPRFn,0.497,0.943,0.928,happy
0Fm0uU2ahbQtU8BJjfrvSE,0.371,0.951,0.245,happy
1qbGBnPiGKOIQeMwHYLm9u,0.497,0.951,0.524,happy
1ZZYSJWfHVyvTE6A8vK4Mp,0.467,0.416,0.435,relaxed
1RPMEObDnpyYiDGsYKbqpB,0.454,0.643,0.73,happy
69dDr3w8IIcOGKwlW5XntT,0.582,0.232,0.238,relaxed
1yrquRdZk965GKv2kDHGpL,0.508,0.924,0.18,sad
1ez4uWPnJwYufNhYTLVsJr,0.373,0.818,0.176,angry
4Msk8J3ymLJNpxTQ9y4nfR,0.646,0.515,0.604,relaxed
2CPmzDVD4if1X0tvu7Z3yE,0.699,0.0757,0.657,sad
5Ts1DYOuouQLgzTaisxWYh,0.568,0.824,0.753,happy
21Mq0NzFoVRvOmLTOnJjng,0.441,0.882,0.418,angry
1fcyfC1KLSWVCIvALR5AxS,0.379,0.941,0.527,angry
61OSUGkJO6SVu7SZFT4wq4,0.578,0.811,0.533,sad
23g6h7EGpqPAlyj52byZd2,0.501,0.373,0.237,relaxed
7bSC1LGg4kB0oltSx2E2eA,0.297,0.925,0.135,angry
2Xh7dyCHCErCv3PmdVEGw4,0.834,0.823,0.763,happy
7rdb5iUnifinTtHql8QKNx,0.873,0.424,0.653,relaxed
31uidLEHAcF8Cw1cX1VCS8,0.333,0.497,0.113,relaxed
46U7SVM5rsLs7EZaCczHHp,0.238,0.947,0.189,angry
0OAfv038kxh9xLGjJ7fRLi,0.627,0.641,0.712,sad
0V5b2pTxulwbWygiF1NjDL,0.494,0.74,0.337,happy
0mD4qyH5jqS5JAPc7BMKBa,0.629,0.412,0.486,relaxed
0YJO6ZLARJuHv4zr9F1boy,0.439,0.671,0.317,sad
1EYzr2S8PJmqUsRMkX3cSP,0.576,0.672,0.507,angry
6Zbv79YWB0iZSXwIwEsIOP,0.416,0.883,0.788,angry
71jUQ6O4Q1o0eNieY6NxRq,0.439,0.935,0.415,angry
4LvQil7PXdldIl2jwrMCcV,0.287,0.998,0.0364,angry
4xP6YtLiFJpRUrKwqDPXka,0.52,0.897,0.188,angry
5ahPl557niKxia8Kquw1yh,0.478,0.886,0.488,angry
5TKz8J4Noz4nZSFIOpHpMm,0.602,0.733,0.945,happy
655gNlXQ7zb9jPrTuqJ4mf,0.35,0.792,0.156,angry
5I2F4tWakUjjBM4XYdgPGQ,0.586,0.346,0.529,relaxed
5xFqDS7kANSCyzne6yqjIV,0.199,0.903,0.207,angry
0P0wsOSg1NXrkzJxY0zDXY,0.222,0.339,0.321,sad
1zEWet6TeWLmKJ96nyyXHU,0.707,0.633,0.596,happy
1sTeIjsjonMTTQyffRgehj,0.467,0.581,0.228,angry
7L3KZewp6PJjUpRLlWtrQR,0.553,0.841,0.926,happy
10v7nPfuQaMGJQgpU21L4x,0.446,0.366,0.791,relaxed
6z20bwkfIUkyym4hZThVaG,0.823,0.622,0.531,relaxed
77XwQEPxhY65b8rPszET9u,0.658,0.826,0.795,happy
6PEnLHMYlL4mJU2LprbHGo,0.361,0.0757,0.116,relaxed
5dFvprlP5JS7gxeaMhMOWS,0.617,0.335,0.655,relaxed
4wMZXHd1NGlxqJexmXF9ge,0.597,0.921,0.96,happy
7c010UJj6NGc5QcM8EaIt3,0.554,0.561,0.315,relaxed
4xOTVtbCPcfxMs2hSt9D6i,0.925,0.388,0.359,angry
5W8YXBz9MTIDyrpYaCg2Ky,0.589,0.89,0.692,angry
1W1tZklFWphskyEek3cPdI,0.387,0.429,0.567,relaxed
5iyE2d4U3Vc5cqY9mPTlpy,0.859,0.681,0.852,happy
3yBy6SjE3tDaL3fbaGvXHD,0.897,0.782,0.97,relaxed
23CRxp2x1SomBTsFWw1oqK,0.527,0.903,0.252,angry
4QAqw2ZRJVkJhye55CTrHB,0.822,0.854,0.942,happy
2zOsJ4CTlnkXNLqmX2qeLD,0.7,0.708,0.885,happy
3hFMR3WQEWgaPmo1vv9aIK,0.641,0.916,0.433,relaxed
2WhDg8UWljoAl8oNh8uZbJ,0.395,0.955,0.283,angry
3mXfH030L2E8A6iuf0bCvR,0.803,0.972,0.627,angry
5GjHP24Gb0kgXtFdLNhCsc,0.503,0.198,0.343,sad
0JXXm3RqxU8EKzX4P8M0n3,0.661,0.847,0.71,happy
3gYpsnUoDr1XJLw7f4EpZT,0.357,0.98,0.275,angry
532CXZ5NJFjhyQaRJkM86u,0.198,0.956,0.216,sad
2lbASgTSoDO7MTuLAXlTW0,0.44,0.967,0.574,angry
1HiA9v381VD7fEBiRXs16c,0.429,0.934,0.773,angry
59WN2psjkt1tyaxjspN8fp,0.466,0.833,0.661,angry
0JxdP3ctbORCiQUMo7Xmyi,0.278,0.82,0.358,happy
6fpaLxz4zYgxTWzioHfxSJ,0.598,0.19,0.24,relaxed
3Phh1qvLyqjmUYc1quZoJp,0.442,0.407,0.29,sad
1DPy2UtzfVPL7T1xSoTC17,0.444,0.704,0.595,relaxed
3AhHGuTJmJuZSDdbpGnjxO,0.78,0.807,0.703,angry
5dyO8mnNmFqxDjgl3QzbM8,0.194,0.143,0.129,sad
4fBCB93PpCeFrmwP6sa9PB,0.37,0.938,0.437,angry
4lmQjE7oyemSZtaKTxz2Lk,0.618,0.784,0.748,happy
4whS6HMsTApf0ZQ8SZEx4A,0.445,0.377,0.213,relaxed
0H12Tb13XgOBIBVRamZ5qM,0.558,0.745,0.666,happy
3K7qF04RX3dQD7eEy2tZjI,0.356,0.873,0.632,happy
4GOpMcPnnF9mtHNYgUPep6,0.247,0.66,0.612,angry
1eFcrfI3cBZmhgzMTZeb5r,0.777,0.884,0.962,happy
4kj6GIKlNy0DQ5xsBHYLfs,0.291,0.082,0.151,relaxed
5RdzEcBhCgWJ1xUC3zHmXc,0.73,0.475,0.681,relaxed
3zroNsHdkhiuRLo29VLZel,0.41,0.426,0.217,sad
3BJGwjQUlDPWzQeH3UA18C,0.761,0.917,0.892,happy
2c72qfxXOJUlPoJimDcI20,0.526,0.456,0.181,relaxed
7112jBwas0Y7S4kupp9Wf9,0.387,0.731,0.775,relaxed
1L0rReDmm7sIYyHOdQlDIY,0.37,0.147,0.199,relaxed
104YdibC7VQy78xAVmgRYr,0.771,0.515,0.343,angry
6D8kc7RO0rqBLSo2YPflJ5,0.572,0.786,0.952,happy
0BOav0FaagyDhh1FGw3Wza,0.485,0.364,0.494,relaxed
0g192CYDNtw2jp4h9FtYAy,0.387,0.744,0.443,angry
4QQgFafbUGQ2uBSkRwXo9u,0.548,0.245,0.0483,relaxed
3R4baDrpV5QeKOhfcDWZ2t,0.69,0.443,0.552,relaxed
7pcy5YgVol9c2hSMNlfSWM,0.381,0.403,0.359,relaxed
1LaFlYCjQfeS6xEn55QggR,0.332,0.209,0.0963,sad
1DNOCgmhZ6LV4vophr6J8x,0.548,0.246,0.369,sad
6ZAuCrqQWJUgSh4Ttdwlob,0.254,0.556,0.219,sad
0bEAj0qNCkurbWlLztiA9J,0.263,0.902,0.165,angry
3I6IRm7EjPea5vZKAnl4j4,0.605,0.91,0.801,happy
6mdjgmawjkeviJQYyNoUI0,0.559,0.192,0.216,sad
4tUOFydV4QoeqZOIoxzHNk,0.512,0.793,0.268,sad
1RvZbbah1iFUsQe68M8O0Y,0.708,0.524,0.913,sad
5upkQ0r6hEEPlbHMOGHSf7,0.353,0.157,0.0932,sad
0iT56VU8Wp2nOP3aBwzRVt,0.452,0.541,0.272,sad
5LZLOOTwrA0HgTszqCgZ3C,0.547,0.145,0.343,sad
3EqvhT9Re8jV4yA44wfh0a,0.648,0.851,0.829,happy
5K7XMFBKL31yVtAWZPpoRt,0.46,0.571,0.192,sad
4liCRbkMKuBHFq4pi8ZY2i,0.32,0.982,0.111,angry
2DUkbddNcFTVwLvzvj7lUV,0.74,0.671,0.894,happy
2Bcvh4zypRuH0cCTQzuV6B,0.498,0.901,0.392,angry
1EPhRZCzs4Gswdf1zhizG5,0.256,0.998,0.222,angry
36gQBgUJjbRbrMTyQUNl56,0.189,0.977,0.164,angry
6xOZCV4EPCupXwvqajSKzq,0.541,0.943,0.779,happy
72WzLBoSQggMZ0S5hm95VH,0.431,0.618,0.325,sad
3Enw80l6o1fUYaFSaCQfS8,0.296,0.906,0.275,sad
6xtQ23d8GEXgcxyUKPtwc5,0.636,0.884,0.446,angry
5iV7MYBfzSIPLeP3nzNQYp,0.114,0.959,0.0688,angry
7G8mFR98lc1YvQFWukfKNE,0.617,0.826,0.94,happy
2DKzOaF8iG3YdQyPKEo3nU,0.41,0.0867,0.211,relaxed
2ZPOHNME2LRuumFiTMVCeC,0.729,0.529,0.272,relaxed
0T4oSuMnLfKBjIDc8qxxMH,0.457,0.697,0.568,happy
13YFD7nCohuUckSGUBq5MB,0.805,0.436,0.549,relaxed
55QwdsBDg9d2p6soFEN1Pe,0.646,0.671,0.699,happy
0NnHjd4N4JFVbJAjyKwrfG,0.588,0.395,0.345,relaxed
6MJNWqmCTwSpeiwHxpgsjw,0.743,0.508,0.172,relaxed
1YclHhJW1ZQAUea6vqHDR2,0.529,0.544,0.0397,sad
5h5reMGNpL19vdn5wMkbNn,0.381,0.938,0.0954,angry
3ajRl5fAGl1HksMU4XySBc,0.411,0.417,0.148,relaxed
676CVc0K76bza4QNBXfv9w,0.586,0.773,0.759,happy
4AWMQ4pKtZ3pg7VoLfXhRl,0.846,0.575,0.608,angry
4GKVuy4GRqRID0qUutva3k,0.351,0.445,0.0397,relaxed
7BuzJmV2h6eBbSDdRaDY7C,0.454,0.778,0.704,happy
5bTreLxwXfycKKyN9KftfK,0.308,0.935,0.671,happy
3Y9JyNydPA5XBsN0fsclWI,0.596,0.936,0.715,angry
5by3w3NXvwDpV9FBSOR35u,0.201,0.777,0.235,sad
3fWWWWj2JvaQ7YF6KIoOWN,0.563,0.958,0.81,happy
3B0GXJ8ssdSk4PFlOsTbQd,0.408,0.772,0.165,sad
1TTz7vRGZEQgpL6HJOEhWo,0.511,0.753,0.73,relaxed
7BNfI2OU4IY1Yzpb5GLTwy,0.215,0.367,0.216,relaxed
3TwuLjCPBW5roSLu9WIZy3,0.423,0.845,0.459,sad
0JbBu9CZ6nlbcFW6nM872m,0.515,0.46,0.415,happy
5Afex9NSRWJJgNELXyGrcG,0.505,0.505,0.339,relaxed
1nFBV1fHblpB7NxqEJmv7I,0.464,0.17,0.105,relaxed
61PwiYyJhF1HLi0OXomzQE,0.8,0.743,0.76,happy
5QzTKoV71zuDilmtCkdU8A,0.349,0.109,0.29,sad
1Q94WI2punbv0tABeSch7n,0.527,0.947,0.206,angry
7CpXFEjLntpr4GdOhTtFEv,0.756,0.916,0.458,angry
7K3Ybx5RxcRSwetU2H6NoL,0.863,0.341,0.232,happy
5NQQyIX2DVsiBKwRBBUfNW,0.428,0.867,0.782,happy
6FXjVsmKPW93LXRFYhfmmw,0.745,0.894,0.971,happy
17roC1P0akCIgTEUMarJuh,0.713,0.503,0.483,relaxed
7m8leIR2d0XtLWm1lPXaKu,0.221,0.991,0.164,angry
4bf5FSF94FDybKcpMM4mdP,0.756,0.805,0.946,happy
5ywzhIJvryUjiHfNv8gYFv,0.589,0.933,0.679,sad
2CLEyUVhmc490svYKfRl9a,0.683,0.715,0.299,angry
347hBTlBjBuFk097pojTYN,0.663,0.784,0.717,happy
3yjbzGRfkULIWrpVbLttuX,0.379,0.37,0.194,sad
4TMTVUjAow0m4VoGQdsd3O,0.244,0.88,0.596,relaxed
5lWFrW5T3JtxVCLDb7etPu,0.787,0.889,0.394,happy
0GxqCJ9d3aNAc6UROiV7os,0.381,0.0787,0.178,relaxed
7uFWqvkrLGSLwORF9CBGu3,0.535,0.776,0.145,relaxed
74v1pkfsUkCpawESagwpdb,0.472,0.46,0.375,sad
3NoOwvxhI2yMYknxqnFUVx,0.401,0.907,0.317,angry
14vREtVdQrRSdCEyiSjmSG,0.438,0.403,0.374,sad
5KF3zQP0cqLklYnF6riogg,0.392,0.472,0.808,sad
6TclVCUxDQm9s3Bey6Ao8H,0.546,0.882,0.64,happy
0ByWGcD78UFIWyr3vNLhjs,0.607,0.94,0.791,happy
0CvCoCb4HtUzLAdziSIT5V,0.498,0.341,0.172,sad
7aPnxLAbYR4e0pSqSmeKtn,0.271,0.193,0.164,relaxed
7ehkwqED6YXCvraia1c9ld,0.587,0.646,0.597,happy
52VnbCW97efS5ycFHiw15f,0.418,0.578,0.64,relaxed
1UJNbgfTzG1gZZTWFJdMf1,0.705,0.751,0.819,happy
6pzLYIFvcV5w3ePpGIIyqw,0.554,0.933,0.145,angry
1BK4P5U99RBR0Vlvueshtp,0.38,0.126,0.0353,relaxed
2LYeYswIAzNtmxO0X4OviQ,0.506,0.292,0.606,happy
2FEWcWHnDmGD6WSqpW4VYu,0.263,0.442,0.133,sad
4sSGCjrRp4Z9QMexdoZ9Q6,0.538,0.9,0.259,sad
4eg5PYTDQz1w5CtBgbK7o2,0.3,0.418,0.225,relaxed
0bObvbw2v3pAiGM1F21vnH,0.493,0.898,0.192,angry
1i17Ub8xAMDMvIAJNvBmjJ,0.339,0.0852,0.176,sad
4tAqWkqjX9bRSUpNcYviVf,0.753,0.771,0.743,happy
61Uzjz5Ri2NZuQYzAy9I8x,0.361,0.696,0.159,angry
1MMZupeQB1yzRMVZCsFSDC,0.424,0.583,0.191,relaxed
0WuYuWhLws8VahMy2zLLRJ,0.767,0.811,0.858,happy
7G83ZwD2msTtFaBQExc8QB,0.358,0.804,0.625,angry
2nTurfNCxHOgoafX3zEFUE,0.844,0.445,0.792,relaxed
4Z9R2haJASztRkUgh1Cgai,0.659,0.683,0.518,happy
1hMvlPP5B2VNdQkoyPG7Df,0.437,0.943,0.452,angry
1UgJSScZFHosKKrG7UzYNm,0.566,0.471,0.341,relaxed
6yyft9EHbUbIdxRZvFVcar,0.532,0.912,0.402,angry
4CX0DfrDOz4kVkFH887DmI,0.268,0.502,0.0669,sad
5ZE6FQGvMCQFvTUsAltIYb,0.381,0.242,0.206,relaxed
1SSOM5MQMXLtqIfGGpyeIx,0.254,0.212,0.0945,sad
3UBItNVbFQiVC5hBQlBvnr,0.815,0.605,0.795,happy
0u1HWtNuJMtzCk6ji6PKLD,0.497,0.795,0.083,relaxed
4oS1UEAjl1Fs2nCpOAbp9Q,0.431,0.877,0.262,angry
644MFjfIMaBayYEEAb3gjb,0.527,0.885,0.842,angry
6Z2M62lsfAeAhJ4CcQyk8T,0.273,0.454,0.376,relaxed
5Y6HTd7VB0O8Aki4EvmB4x,0.732,0.545,0.971,happy
59FwEQpuagQZQVP71h9OIq,0.511,0.867,0.0722,angry
1es8ze3yvUplQRN98gf9cQ,0.468,0.857,0.354,angry
6LoqqcFSgBxOLTRzvfjZrj,0.722,0.683,0.712,happy
02Etn5AhrRkEOzvBGFKAk3,0.154,0.174,0.0978,sad
1PRknVhZ6BsVX61MPrrVsV,0.218,0.921,0.612,happy
2lGx9cF0Z3xtkHE5Q36Yr3,0.589,0.309,0.48,sad
6hoj2fpD27ELoVe2aK4fom,0.644,0.819,0.904,happy
6MLsahMK3VvH9NUwXOktdS,0.708,0.587,0.554,happy
3867OELXCNpXgtLMPRRlNd,0.265,0.756,0.444,angry
6pMtdOSLOtTtd7fmtqeqGg,0.527,0.467,0.123,relaxed
4kI8yW5Jg83WHD4wnRiLtG,0.69,0.753,0.325,sad
3t3cv2Vb8XzjipocvYP22U,0.601,0.89,0.688,angry
6RGV97HIkgZJjme2dzilfg,0.412,0.839,0.37,sad
3BOQOd4qPpdiwvqMQyh2Yg,0.614,0.901,0.636,happy
1CbG6oKKrYEw3W1DnddDFv,0.501,0.654,0.304,angry
0jKqcTDzbUv7chWlJiAuR5,0.467,0.908,0.364,angry
4TMTVUjAow0m4VoGQdsd3O,0.244,0.88,0.596,relaxed
5ZBeML7Lf3FMEVviTyvi8l,0.482,0.849,0.937,happy
4f1zAqoWdXApV3A6EgcaT0,0.553,0.647,0.267,sad
2F4FNcz68howQWD4zaGJSi,0.321,0.474,0.804,happy
4sno4v6UlHlOLGJMEshJ47,0.406,0.345,0.411,happy
1Ujuabe6tYXRDgmTk9j3K9,0.353,0.388,0.19,relaxed
76aUexA11Kh7KUt86xQM4l,0.563,0.507,0.0847,sad
42Gf2WCxCBYJoOLNIdVL8z,0.238,0.991,0.103,angry
4QUSYhWEXCbXCuXIth0I5k,0.385,0.662,0.0502,sad
086YwJQkdTiNqguJr05TG5,0.421,0.877,0.268,sad
39NOkGtkxUsTlJPelo8Doq,0.257,0.237,0.0399,relaxed
7fxpqs4G8vj3rFYbJnsG7w,0.419,0.916,0.495,angry
1KsI8NEeAna8ZIdojI3FiT,0.641,0.894,0.972,happy
5wa2hZB7RPTiXuapfogEbU,0.158,0.541,0.258,sad
5IaAI1GdDG6rDPxuBlhcof,0.491,0.961,0.298,sad
3FPTihoOtQKiIFWulTXfcz,0.59,0.941,0.588,happy
6tetorrFfVEwugqcgfwEm1,0.83,0.739,0.962,happy
7madezf2VotLIT7G6XDql1,0.895,0.917,0.911,angry
5DK7ukjwoUqvXA1ta4zUMn,0.319,0.892,0.258,angry
6bZxJ5ZlC3piFgteNgeWSo,0.727,0.533,0.223,happy
2q9SlPgAt433MUYXrHt0eo,0.429,0.255,0.17,happy
1unY9OtRyuKhAA016vBGQ7,0.476,0.733,0.37,sad
1Ulh5rWbhhV3PltDadTBZC,0.693,0.0681,0.599,sad
5LrMesOhTl3TE2y9zWFd9f,0.893,0.31,0.69,relaxed
3AbDtRIM5VXi1QjSghBfBF,0.289,0.674,0.211,sad
1nXTM2CVdaoCySSD5kgt3J,0.786,0.803,0.949,happy
3bnQZgfW8S97JKRu7kP9EE,0.27,0.28,0.0777,sad
1FLEVJaXv8vZwunzQZSHLK,0.631,0.623,0.557,sad
6FEPJe3ba6RYhdFeMhFpRW,0.403,0.0742,0.168,relaxed
00sydAz6PeOxYzwG1dRIPi,0.235,0.977,0.241,angry
08EgS4Nqe1jPkI9tx9Dq3S,0.709,0.507,0.737,relaxed
5piPHieFIgwZjWGwLtIax0,0.212,0.973,0.112,angry
1PENRhwhQ1gihMdBrq4Ilx,0.371,0.386,0.39,sad
6JH9yWhgbm0y9iAJhCslNc,0.704,0.571,0.524,angry
4Lxn1JlGJwmmXpODrNvPA6,0.585,0.907,0.573,angry
6oYkwjI1TKP9D0Y9II1GT7,0.511,0.475,0.819,happy
1sDbvdJdkJ2lt0ZGbjtShA,0.461,0.845,0.197,angry
6pmuu4qSz2WrtGkBjUfyuz,0.61,0.819,0.454,happy
24vNw0Z0srb4zYXwrakw8E,0.826,0.566,0.655,angry
6cCOhHJV5IbSOAJNpmkRbh,0.708,0.752,0.889,happy
2XHG1C3ksw9EAclBFDYZ2M,0.285,0.93,0.0341,angry
1XTGyfJeMiZXrZ1W3NolcB,0.575,0.857,0.623,angry
2ZAw3S8EfuhbGvW011zCjW,0.663,0.418,0.162,relaxed
1sbM3pW8xKd2HKm9bosFF2,0.382,0.97,0.0795,angry
3kwkm14xPH5xsLRR5Fwx5M,0.495,0.99,0.615,angry
1oaQPvbue475MuCBHEtlUJ,0.604,0.75,0.56,happy
5bmpxtGuYdEPZkQFE6gyVg,0.153,0.259,0.0513,relaxed
1UwqBuo4gLWhXOjLu4hukb,0.928,0.306,0.455,happy
5fPiWCdaoQHFTWWyrKB4CH,0.568,0.966,0.282,angry
6yIyrlTO06MAWqzSAEfjMh,0.689,0.526,0.906,relaxed
6dfePSn2iCz6QauSJN7lWR,0.283,0.149,0.0873,relaxed
5MIoOiIkw77j5OGDlDbM3v,0.343,0.945,0.816,happy
3YumK1QacSUMKO7KdGvMVP,0.641,0.781,0.45,happy
6zkTYKCmx2YUzHwK8mARyL,0.233,0.971,0.0708,angry
4IQY0TThr7YebYWf2X07xC,0.279,0.889,0.495,angry
62xFKD6x5aXOiKPnPnOO91,0.582,0.843,0.379,angry
71kDpNoFnT9bJjaM0pfQl3,0.442,0.357,0.324,sad
71Rybd8LotWjQTncAVKeX5,0.684,0.454,0.312,relaxed
4V4RN6eA2xvq6fGbEJpdUx,0.657,0.353,0.257,sad
0473uC27v1NcZQk5Jpm1aH,0.33,0.967,0.116,sad
4NXhE6JeaqSxVFUSWAw2Ef,0.368,0.412,0.239,sad
4eAwB5pnKFTmsgc3zWoYO0,0.611,0.95,0.607,angry
5WwKzyAOGvnNqTIs0Tk8ei,0.62,0.978,0.486,happy
55HeOFek7Rylb7FtNy5hli,0.699,0.678,0.362,relaxed
3kadyssBaj5KzZiVxPjvRI,0.417,0.939,0.64,happy
0dwnbNU7LlUQJ05GKpJTuj,0.682,0.483,0.558,sad
0UN5gnkNRusYyOcFIEP8f7,0.491,0.933,0.792,angry
5WVuhq5MNxSaKZ2JXjEfUd,0.443,0.976,0.227,angry
2zLZuZFgf4mn3af8wILpHS,0.424,0.706,0.294,sad
7JGAMm6alQT6AAN8OTsy99,0.48,0.835,0.0649,relaxed
4uFQwzVrHnkoeE7cICA6bT,0.422,0.259,0.0916,sad
2HHtWyy5CgaQbC7XSoOb0e,0.815,0.438,0.552,angry
2rBHnIxbhkMGLpqmsNX91M,0.459,0.926,0.569,angry
1HfMeYbip8KTFUHKjC3a6A,0.792,0.268,0.32,relaxed
5dci9BCmhYQdh61LAtemUi,0.393,0.298,0.257,sad
2X2HvLECADtRufytjycZPT,0.348,0.291,0.353,relaxed
3BxWKCI06eQ5Od8TY2JBeA,0.57,0.821,0.408,happy
2ohoN4yiY9tVggLvQUXXc8,0.637,0.37,0.424,sad
7jMl0r6ROhuUSaTj40INId,0.196,0.975,0.0917,angry
4jWK598wEA0X0tQm6xIcPn,0.262,0.991,0.0382,angry
4ogxkfoBMYV3XAHYFYl6aR,0.573,0.721,0.9,happy
5cQtmUsVOUISTBT6BD2Jvv,0.381,0.876,0.714,angry
7owOnPLsfsqsiiFBHnOGtM,0.643,0.854,0.778,happy
76709jfVPvKWp7ChPQjCk7,0.452,0.755,0.508,happy
3SIKBf8emdpYBaPdSaTEcu,0.482,0.778,0.386,relaxed
2RaA6kIcvomt77qlIgGhCT,0.362,0.961,0.491,angry
0bKZa2zldftYPRrSRscmG2,0.245,0.96,0.372,angry
49jWPMEvoGPNRYSd4vEXSo,0.682,0.518,0.763,relaxed
4GkoqoFMDSAkgh0ArWuJyF,0.556,0.286,0.254,relaxed
74bcWY7W5InZTUNRmNFnOa,0.276,0.839,0.289,angry
0G3ImRQDWtOTwTK1oL5uWF,0.887,0.847,0.739,angry
5wEVxiQuKpkfVhPtIRTyrh,0.176,0.492,0.0812,relaxed
4mGDtUyNxu4ZDqwMAwHh1Q,0.678,0.618,0.887,relaxed
4DDSNT2JFx49bTCkkWvM1r,0.319,0.237,0.226,sad
5CNGaq9XckbimPUfEHbgUT,0.182,0.228,0.054,sad
45YjbmNrNU5JIUqDeVpVkR,0.359,0.994,0.16,angry
2soh93x3PcJVpp3uaNHKTH,0.572,0.629,0.823,happy
2OnJ5RZuyi4dubXKY0gEWM,0.493,0.473,0.0889,sad
18YRUsBTJGmRGW2rhmA1SS,0.64,0.153,0.34,relaxed
7GuMYJ4f2a2gyWVPlYevwv,0.449,0.907,0.572,relaxed
4rW7ItDDpZcZlqvrDAYFtC,0.422,0.154,0.185,relaxed
6KIS5YIZAyeiFNx1aE1OhY,0.846,0.703,0.964,relaxed
39lSeqnyjZJejRuaREfyLL,0.691,0.812,0.685,happy
3ocXcXmfkc7yZqAJO9V8iI,0.475,0.845,0.754,sad
3bhTDrOYAQtZsg1fHfbWQ2,0.575,0.716,0.729,happy
22kv2NoeaD7qhTgShfZjIv,0.745,0.593,0.888,happy
6aPHh3fWv3p3kWTpS6336e,0.593,0.199,0.689,relaxed
3Lk77QOBVywNAVSqOPcuw2,0.48,0.435,0.538,happy
7iYCsnLlVwiWorT2iI727g,0.587,0.859,0.69,happy
0A7rbcxlYLfdeNuDbO9qi6,0.576,0.567,0.283,sad
3yzRbJkqz4Lw6PEF2TzpJ8,0.333,0.256,0.218,happy
7BngbNGLogotcTM0PSvnYB,0.734,0.495,0.884,relaxed
3L7FzHdfiqd7Bvdy3dRQRe,0.549,0.581,0.536,sad
0ahXguyuTwD1gqpWKYqWYO,0.593,0.855,0.832,happy
6HGLrT0Pk1kSTRYpEFMDdn,0.446,0.224,0.291,sad
0XfNjyJcb7d2ZAscVM4K7J,0.516,0.989,0.149,angry
05nAFJVaOXca8EhtUZXkPf,0.272,0.909,0.172,angry
37ZkKujt3VjM0MrQGwAvRR,0.526,0.809,0.461,relaxed
3dysNqzNtD4bhiI8tMJ4Vm,0.414,0.828,0.306,sad
1BKT2I9x4RGKaKqW4up34s,0.88,0.577,0.74,angry
3sJ2sVxfWZJFM7OBSQCNFy,0.244,0.163,0.148,relaxed
2Ck23L2znrPAFiyopqzWUj,0.302,0.961,0.659,happy
4yoPz0pPNCXHtJUISDKMRr,0.361,0.983,0.331,angry
6yV2W1h4PZla1PE5s1zjVM,0.67,0.801,0.859,happy
3AwLxSqo1jOOMpNsgxqRNE,0.493,0.974,0.354,angry
4MN0ZmFppiiQsPE9HQKKsH,0.431,0.835,0.303,angry
2wT1vDV2TGrdzAyqmFbiY1,0.495,0.194,0.289,relaxed
2R1MoXG8jp5w11mOgakd7g,0.506,0.213,0.226,relaxed
4k3K6Ke6KfAWb7zyQWrTEA,0.694,0.531,0.949,relaxed
3GcvxghJMdrNH92Rp2oMtV,0.464,0.459,0.144,relaxed
2vhGqbR2UD1UhVdBBnzlVF,0.284,0.927,0.313,angry
3QV7NYkrmV0Q0IHdFJw9hO,0.689,0.886,0.906,happy
6UarXgofm8DlThbpCUXCuu,0.318,0.859,0.234,angry
3erQAddOalef7tmVpAZ3BV,0.445,0.917,0.439,angry
7GVvj4zJNVuBJSl6StEfn5,0.759,0.367,0.96,relaxed
1CqxOjuPOhhocpgdfFsdMx,0.628,0.784,0.232,relaxed
2GSOOR5UXdDj9247nxyedO,0.43,0.743,0.51,sad
74dVOaICSDwJkCFZsSKeOn,0.619,0.709,0.885,happy
18Mh3v6rBCCpcNYzyaA2RN,0.797,0.563,0.687,relaxed
6vsyag9kEPckt19NClSf51,0.359,0.933,0.097,angry
2vy6F2C23RxlGJvbdA7NTq,0.3,0.364,0.391,relaxed
7i9bu8l7zFppFNxPZVpsQ6,0.216,0.0571,0.0688,sad
73lYI49LhfsscO33ohrGN0,0.71,0.589,0.65,relaxed
4xP5cjA72WSiXNXql3glWS,0.794,0.554,0.682,happy
4o4xa9HE2kvHrcLVSKCtn4,0.372,0.67,0.376,sad
4a9i7rCLfPjbS1sNamZeQN,0.543,0.808,0.472,angry
5RvzV5qV7WgJvOgek9pxzP,0.717,0.243,0.252,relaxed
2hPOOLM9Oefyy43eAXR4Hf,0.575,0.912,0.591,happy
7HDwtcqiUstuuq1dEszGk6,0.561,0.846,0.566,happy
3IBDXz8f3k78Tb46ipwQau,0.841,0.975,0.765,happy
470atg6yRb6h1D9oGXMXMw,0.366,0.925,0.641,happy
4amcY5vhp2Z40EhNVa2xHl,0.312,0.943,0.504,angry
3vPVP4k6j41wA3G0RQ3Yfq,0.728,0.748,0.911,relaxed
1uPrIHgYztXSkkcts9jet8,0.63,0.95,0.858,happy
6cIeXq9VgP8y0638xOiQpw,0.308,0.879,0.0507,angry
0Omt3rVppHIlYFXNL1VWgL,0.596,0.793,0.8,happy
6qb76Rj7bFYI4ZafAYlH96,0.876,0.482,0.674,relaxed
4SHHU5xx7ud4iUR4ebdPuD,0.588,0.923,0.551,angry
7nY59uK9jauHVfeppS65Ho,0.597,0.28,0.181,relaxed
0aULRU35N9kTj6O1xMULRR,0.849,0.499,0.504,happy
3SbYzzYOeuAadi1ShTXFXU,0.221,0.272,0.104,relaxed
7rUJeKMV1KW64EBcwHYJ5P,0.621,0.387,0.37,relaxed
1ffbbYhbGlXBZ7l2Iyzvcg,0.458,0.606,0.661,happy
0kkXtBH0TZDnlOQdmurA8k,0.445,0.481,0.717,relaxed
4cnqxdE2opmhp7MwkvhkAJ,0.859,0.654,0.897,happy
4cwkyDl5Pc1OmEGnEFSNZC,0.209,0.143,0.0705,relaxed
1ce1hNtmptNCrbqkSJ6S9K,0.242,0.973,0.369,angry
0laDjTRWhdsdMHiPzja3xI,0.618,0.125,0.507,relaxed
3DdOsUq1M9mJBFVR0xbSOx,0.425,0.808,0.369,angry
5oEGrfx9n2HT1HHIrfWrQr,0.269,0.0592,0.447,relaxed
5Ui5PfcyH8TpeC1tHCXJ2I,0.311,0.864,0.336,angry
7lMGc58V3S7lD2SLNRdOKx,0.178,0.967,0.47,angry
2Uilp8alSjAxV0IXorUk9l,0.31,0.973,0.226,angry
4pVMxYJkzPxNOTmadzmsvE,0.443,0.32,0.165,relaxed
660u9agQuREtEDmETVWSts,0.601,0.631,0.477,sad
0HSqXHUdHUbDjWxYIClohv,0.532,0.441,0.204,sad
3IlcFFY0W9gNomWQjnX6Rj,0.723,0.351,0.284,relaxed
0aZQyZyQ41fb12tJdYVa5H,0.468,0.86,0.385,angry
6SPdaCpTYFe8ay3kdBHVD7,0.212,0.834,0.248,angry
4sscDOZCkbLSlDqcCgUJnX,0.78,0.869,0.957,happy
7yNsSWHrCAFGew4mLpjDrZ,0.479,0.992,0.356,angry
0PyXofdfiynOjUoapWE0m3,0.23,0.711,0.299,sad
0HVQuuXGAcQ2P5mBN521ae,0.464,0.612,0.496,angry
2Vy4z1ZUN7RvN7syWI2yef,0.131,0.975,0.393,angry
2AQZ89Q1ZZWsJNWwXZpLtY,0.578,0.624,0.533,relaxed
6YnnBx8Iq1XvlBrgonGLfP,0.702,0.714,0.856,happy
3nqm3DdVskqbHhmb8S8hMd,0.47,0.915,0.69,happy
3imY7eETBfsth0ZNhiIug3,0.261,0.758,0.108,sad
0jiBVBJkLrlGLgrIVmd3VK,0.84,0.762,0.946,happy
2V8jIbkoCm7mz79hdGdOTq,0.603,0.464,0.474,happy
5SGj9cNTZdAQQ0CQFx8IB6,0.165,0.992,0.474,angry
13J9Rdr35e9ktyaRm6VtLj,0.348,0.933,0.607,happy
5AHblgoJIg4FuILpRl5LNF,0.213,0.566,0.0973,sad
4R1DpQ9KA9ov9gXrdmDaaQ,0.439,0.301,0.553,relaxed
7j0nWiNXw3Ncq69NxT4k6s,0.321,0.855,0.528,angry
1brWhQEoBoT9tMnNfcRsjr,0.667,0.206,0.408,relaxed
0NwncLo335WFqNKl9xhXrB,0.355,0.907,0.219,sad
7AgYppy3FMGbn2TkVCVrv2,0.568,0.906,0.368,sad
7IDQX9EUgMNQTgYcZSpO1d,0.109,0.854,0.134,sad
5DRbMcQiXmSsELEpbBTpkt,0.618,0.172,0.115,relaxed
5Gh7uZTnZx3bpCyGaY7wpt,0.453,0.961,0.742,angry
6gQUbFwwdYXlKdmqRoWKJe,0.54,0.982,0.91,happy
3xiYn2FVh7XOlhb8pBrELg,0.464,0.779,0.155,sad
5CjwXdq5Z73Va0XCPFG5Aq,0.539,0.893,0.683,angry
7kYsV81UkV4z7UuF94u8T6,0.414,0.00402,0.115,sad
0dt3XQL7LjTNyizTXY00yD,0.296,0.918,0.137,angry
0rhUvAqeXfG4gl4IZhglgX,0.739,0.418,0.278,relaxed
5IVuqXILoxVWvWEPm82Jxr,0.646,0.77,0.681,happy
7kFMBTOVe1fBGI5PefWyY5,0.553,0.941,0.634,angry
0lsDJ0EkccufmSM43P28TQ,0.673,0.887,0.726,angry
6P4sJv6CtaIuQ7mpzDKlCH,0.501,0.716,0.52,relaxed
4dldnOikYFCNhYzAQIR3vz,0.795,0.564,0.728,relaxed
0ge1WFjPBWnfPz0JnlC212,0.292,0.881,0.427,angry
0azh8Cxn6sUDdyXDBE9qUk,0.155,0.161,0.118,relaxed
6LeAedD4ZcwueB0WizpJh8,0.288,0.0726,0.206,relaxed
63CbvkHcX8VBn09CCcGDLQ,0.756,0.426,0.655,happy
4ReyTz0y3TGkX48wO3Llot,0.358,0.893,0.262,angry
0QWoIBZXd9FbVf0M7hVcmt,0.739,0.258,0.269,sad
4BgOZRhJ47uUj9M6Wn9ZhX,0.556,0.654,0.625,sad
2fK3jrAkv91O6SU1L0oxi7,0.723,0.715,0.889,happy
5mZYRyOPWVlTtPGWHJCbAL,0.778,0.206,0.571,relaxed
4TsWd7wuvaKW9E2DSoXGnq,0.684,0.677,0.774,happy
1Mtwi6CmEHxkZvsNWR9qVE,0.608,0.514,0.313,relaxed
3DQVVSgYuqVIrYpjXnjhsn,0.694,0.721,0.818,angry
3fCk6T2IJsMVEZ45079urc,0.395,0.996,0.291,angry
2dId9x9fxcaeAOswSIBC39,0.326,0.668,0.419,sad
64x9gfHg9gqSGmVY10psD8,0.336,0.158,0.165,sad
3KOPorZiKeW6gFeIViqMoq,0.675,0.494,0.829,angry
48NXpYRuvv9izul4oXhqS9,0.887,0.701,0.965,happy
36614jRE5gbd32fL1yAxv7,0.763,0.127,0.518,relaxed
4rLFh3Mt36EZHB6C2ytNi3,0.346,0.979,0.345,angry
5JLy9IPZhFwmPBlPjcqDL0,0.455,0.274,0.613,relaxed
3qmia7zOrWK9CkK8wWUkbz,0.52,0.918,0.635,happy
1OhqL9yY8DfQxx5mTpa2LK,0.221,0.984,0.167,angry
2WaPENhrq1MEy1qk6iKnCh,0.318,0.728,0.306,angry
27CwCwu3EocFMESQRc78iC,0.367,0.741,0.689,relaxed
4qKL9GFo2A2hx8HVL5YMu2,0.326,0.22,0.14,relaxed
1ElBmlZ8tSXaNUl989h8x5,0.5,0.333,0.163,relaxed
02E4skBHp6ZyoEDgXHcQgu,0.611,0.0975,0.399,relaxed
2yPi8Ayxxe8K3UpnQWk3ZX,0.189,0.972,0.138,angry
2v3hw60laqNnrNM7KFyX19,0.44,0.952,0.246,angry
2Nc7QdkRmAMdBPBgkqlyxA,0.401,0.994,0.261,angry
26uVP8g7Uijo0zuN22De3x,0.387,0.572,0.399,angry
4yI5P1dZm7pLFs9eiS4Yn2,0.541,0.504,0.546,relaxed
3LA5kI6ohA91mhyE3E2hyf,0.366,0.927,0.77,angry
7EZlzu01NzbR1jWEIDSk5T,0.362,0.961,0.137,angry
1T24OCmbICPdS5iEqzxKdw,0.539,0.416,0.252,relaxed
6lGCtYqiPKyolpvXjSIyqM,0.32,0.287,0.0757,relaxed
68B0wgSwN4blmmoFMuVKmz,0.313,0.572,0.132,relaxed
0PhCZ8OiGK8MJQPheZCCkE,0.649,0.274,0.598,happy
6w20WuYwMoRJdrprfWiV5A,0.456,0.0441,0.0384,sad
2uMqG8w8oi09fB2YA2QLOm,0.298,0.327,0.454,relaxed
0RcJoi4OLdWWvhwQAZ25Oa,0.459,0.85,0.52,happy
7KWoeBqSdZHEloYKVxssfG,0.404,0.266,0.491,sad
1Hd9I5eGPhOzc4M6C0pgME,0.452,0.201,0.402,sad
1YbuG1qwTadVXeEqUGdzpk,0.693,0.445,0.788,relaxed
5ASM6Qjiav2xPe7gRkQMsQ,0.529,0.772,0.853,happy
2dCmGcEOQrMQhMMS8Vj7Ca,0.838,0.794,0.962,happy
66M3khO7OfTOrRUSIOh5Tx,0.426,0.284,0.155,sad
0zeUnjRcSYO3hY5XbYsOoA,0.474,0.284,0.121,sad
1gFMesXcHHtIUhwzxYFOtz,0.735,0.86,0.835,happy
0Diywwc3q1HlBiVxCC61jK,0.755,0.613,0.398,relaxed
3aXyB7iqA4MDu0OlOKAXY3,0.471,0.824,0.512,happy
25H0Wd1ugPRXGM2LlpjVXM,0.402,0.0675,0.417,relaxed
2gnYFQWMzj8bNX4dDJyWzW,0.428,0.76,0.427,angry
5k0RmmWmBJ0NS1RiYViRhL,0.616,0.464,0.645,sad
76MWVBZtNelwLCgHFIUmeZ,0.525,0.506,0.209,sad
4mmkhcEm1Ljy1U9nwtsxUo,0.571,0.739,0.66,happy
6ciXx0fgkmAnaiX3iv9Hjd,0.878,0.445,0.927,happy
0ofp0aBBFtcc5CdkUDcp68,0.379,0.217,0.159,sad
196rNjJkKTjsk2NTEtJKLq,0.371,0.696,0.209,angry
3WEDBjYdFN9anBLB87w9b8,0.346,0.854,0.414,relaxed
5ZwXpxkFA2qW0nGCXwpIx4,0.173,0.953,0.245,angry
5FnFUhTm3M5M8exXQxztoR,0.587,0.586,0.756,relaxed
1606YioG1iVJRgY5zBiO76,0.403,0.932,0.392,angry
4b8Of9pmPK53OVWzvJZhbB,0.711,0.482,0.21,sad
0XArpGxcsyRZVJy1gLvwLK,0.625,0.818,0.249,sad
5qyJ5rKvb8TbNDNbuctVSg,0.416,0.633,0.735,happy
61JI5Zjo2AzumfuFBldvNx,0.57,0.685,0.966,relaxed
5vVLUqs9ogEGnH44Lh8Tuc,0.651,0.221,0.319,relaxed
0CbESIyx34Usxoy7emUEBd,0.488,0.88,0.485,angry
4UXEoEb1hOcOI8Fnz2sHlV,0.61,0.586,0.489,relaxed
6dREi4aOgc4OQ9O53LvfSW,0.613,0.653,0.505,happy
2vQa5ELj0hYwrYZp8MVZn7,0.547,0.569,0.458,sad
5ictZMfQTA9DoYeOdfSYVL,0.58,0.847,0.916,sad
2vhLg9UmWgq6nOTEWcxFdF,0.504,0.921,0.684,happy
6vjvewW34Y3UiGQtJokGlY,0.286,0.982,0.118,angry
7o8bf9SHWmIAgTdexmgyj5,0.33,0.533,0.506,sad
0Ej6qIhc3k3Kky7UknNbav,0.591,0.208,0.064,relaxed
5bONR4cFfkNArbWRrMExNu,0.692,0.895,0.585,sad
1NV8LlaC1InXaDQOcMBQTg,0.466,0.0456,0.366,relaxed
5J5faaPlU22Wl3X0sXPWfy,0.473,0.986,0.0709,angry
2xIeWNz9hiB2tCVKKGWmmw,0.412,0.603,0.114,sad
0BRBDRdjgP4Iw8coBDAeeT,0.637,0.769,0.77,angry
6oqmd7agyZJHQIAvWBQWFb,0.186,0.805,0.207,sad
3D6t68V5WfxEIMbwcARLia,0.592,0.792,0.546,sad
7dIkQYmRsKXAbzshwF7pjI,0.731,0.811,0.859,angry
2IAtnd4UG52HQP9Rwart5h,0.715,0.949,0.845,happy
2bjUNIplLuWJ7I9hBybzZX,0.248,0.153,0.0992,sad
4gLro52WoEK40Y7CZn6mIK,0.846,0.357,0.608,relaxed
351FWG8tFK5ftLTjWHBzZ3,0.638,0.392,0.259,sad
1SUrJsbHbFxM9iRtrV6rbi,0.675,0.298,0.48,relaxed
0O02Qjysvbdzvlb919hXr9,0.434,0.713,0.127,sad
5Ekl5FAyUZNf2SaJjHG7qY,0.379,0.949,0.203,angry
15EFDhVPZN6UCBv2FEuwie,0.628,0.783,0.53,relaxed
2VQUtkqHTXKY5rm81PZEtk,0.712,0.654,0.548,relaxed
7IwFA0HPOBCoQT5qzP0jDN,0.595,0.34,0.79,relaxed
7mjpTAOF23vrpTU5B1pqsT,0.258,0.414,0.216,relaxed
4tdGyzQ3WqygwxOEpbQ8eo,0.704,0.907,0.712,happy
5Xx5ZhqPXogLLbVhAAoMWE,0.34,0.959,0.38,angry
4uytiW8D73yWQHkg1PzYlB,0.427,0.377,0.245,sad
1ryN1lUyInxWIqAp0VoqLz,0.375,0.717,0.224,sad
1oZdkVrnk8J4ZjKCvu3UEs,0.503,0.465,0.213,relaxed
1E07QPcmjdGIe8F0Q4ZXtT,0.55,0.796,0.841,happy
7cLN98e38y2BLy0H4I2QWk,0.356,0.312,0.0669,sad
2BYJqkXd5yWQkNmqn6CMBx,0.599,0.848,0.954,happy
1g422OzRyFhcRH1yMWaW14,0.519,0.501,0.332,relaxed
0GF8ScIlFBcK3lgrqqPc3r,0.546,0.721,0.196,sad
3RcrFgETR1QGjzV6ZzIRBy,0.629,0.949,0.719,happy
3l8AksMKUIO35TXrn115Lp,0.494,0.0968,0.192,relaxed
17CEV2efL5t6TWx7pis3iL,0.443,0.387,0.182,angry
0HtTmvEzJVpEDkg7mARpxD,0.338,0.399,0.227,sad
0WDjf1JHa22EYZFtI5SQDv,0.489,0.843,0.42,happy
3MrWxJaD2AT0W9DjWF64Vm,0.45,0.656,0.782,happy
6lfdNOGyPwrLEG8NLb9zrf,0.261,0.908,0.716,happy
23f0ock5UHLyf9wxx0KnHm,0.46,0.404,0.197,relaxed
1skZbRX6ZDmXwkKAPpb9UU,0.356,0.774,0.0608,sad
6hNA4yDJr0hGn0TlnmRVUQ,0.298,0.96,0.105,sad
4AeTqU130SqQqWKuiLMcOJ,0.632,0.904,0.803,angry
3PkI9CSvY3oGq95KkEVKjg,0.431,0.269,0.469,sad
6scWokfCOYVo9UDWsgd9F2,0.566,0.758,0.502,happy
1Lj9AXVnxwolO2QZuqBoAx,0.383,0.166,0.309,relaxed
6Z77oDcn6iI1MHFCBPjl24,0.364,0.861,0.16,sad
4pbttomP9HR41J1Bop60n9,0.554,0.855,0.6,sad
2YgW2VVOwQItMkKW07fMt8,0.319,0.506,0.121,relaxed
2EM9zpAc7PVeoAydmbfVIL,0.751,0.731,0.973,happy
3ZXL2lrkp5fhngxjnqQwYk,0.464,0.624,0.301,sad
3stnrhzN0lzZFskbaZ5sEw,0.734,0.668,0.651,happy
3bhZuw0gZRLEOGeggjWzpP,0.492,0.438,0.204,relaxed
4tTpmg8AGcChIUnuio4CtR,0.801,0.601,0.426,happy
1GJgoTGiGtQ06yYFHskUh6,0.391,0.405,0.333,relaxed
5qR5b6Coq6srVHsa7vi7a0,0.313,0.733,0.49,sad
6PmckFG2BhEELc5OM7O7DS,0.354,0.62,0.184,happy
5ESrEI72lPe63TtHC0q4kH,0.688,0.543,0.318,relaxed
1ztI9OR1XCfK7Pem6dQbG0,0.41,0.871,0.196,angry
3olub0N0g8YIBH3i323cdU,0.41,0.308,0.492,sad
4z7Ja0RNran3XpIvc1PIQz,0.432,0.637,0.187,sad
03oFUnZ1LYbAyeeOYj4SaG,0.549,0.519,0.228,sad
3IEzreL1rgY1oIYQJJSJcy,0.478,0.266,0.193,relaxed
70ZOFZ8cbS7bc7TFCwoVi2,0.643,0.263,0.339,happy
6X9JhNt0bJeuWqJZjVbkCw,0.466,0.463,0.453,relaxed
5MzhfnyleWwDozKzGQHBdN,0.598,0.837,0.467,angry
3Xqwyq8S0IPRbgiQ4Px1tn,0.731,0.174,0.484,relaxed
2VMwXqG9wtsitGckdwYxEe,0.371,0.491,0.324,sad
3dOfHE5J4Qsj1hJ35vnfn4,0.39,0.443,0.345,relaxed
3sKTvZ2Xfr1dsnWhgTfIf8,0.397,0.639,0.291,angry
2SjfNav0BXkmaAIChK2tko,0.197,0.952,0.0524,angry
3mFg1Hn5faLMFK4HNDjhnc,0.695,0.736,0.147,angry
3RQkyuFw2g9aLw0bqNatE0,0.126,0.628,0.126,sad
3hoNWNGpZrwlSKSemkvgBu,0.606,0.967,0.762,angry
1kmSeywVbnlXWMO2c8wa20,0.435,0.223,0.0905,sad
0fhbROIcpVRWSBjuIKTKm6,0.588,0.862,0.895,happy
73PeJULcxI9PyIb1zlcOIo,0.463,0.734,0.351,angry
6Tdkn9doJ1eiWLH2njMN5X,0.781,0.548,0.755,relaxed
42iLNNwGl2aikdRxEmD09n,0.447,0.41,0.475,sad
70OU4ix8Y9kecFMpwTW10T,0.411,0.214,0.119,sad
3u1e39z32J9PxERuEwuD9j,0.641,0.676,0.535,relaxed
0at89DgpVeImkVrQ0htbVm,0.218,0.994,0.112,angry
2Y2q7PkD7lvuWr8YaZfWuv,0.856,0.754,0.722,happy
4fwVyP1i3qxA4U2ADP6lHK,0.491,0.99,0.112,angry
3UzO2XqkuoVtoD2diEbBZu,0.252,0.994,0.165,angry
30cSNer6TV8x2utjULVeQ5,0.677,0.671,0.527,happy
1JTGcgqTtzS1HdBTxJrLlw,0.473,0.354,0.466,relaxed
6YkRmQJi1221yNZNYfePCL,0.68,0.433,0.412,relaxed
5j89K1LPP8YTuhZWKUgr9I,0.44,0.902,0.734,happy
01drW5lmrI1SWrSkDzivsj,0.708,0.635,0.387,happy
63oVkEVfk5KcFGdXVoA9NA,0.378,0.271,0.197,sad
6O2mR6QeF3F8BZDsXEqc4G,0.565,0.709,0.203,relaxed
1BxkyysLoXoDTrvtD7WDRA,0.505,0.888,0.78,angry
1360oA6YJXktFWEmVVsU99,0.372,0.634,0.509,angry
6G6ivzHJPUfrXwvdvnqWzW,0.301,0.27,0.197,relaxed
03Yv8adIIOsRACDHLUYS9l,0.555,0.946,0.568,angry
6jtF8RDq04cMODupOyLwdi,0.364,0.752,0.0394,sad
3LwfE3USKwANPjPz34iGDZ,0.27,0.91,0.397,angry
656TZu3G6rnfK9m2Y0zR6g,0.391,0.797,0.369,sad
5lCRPA4XEg4VPbNu0lDHBA,0.717,0.373,0.538,relaxed
0HSO9R3uK9nXAjESTksaLV,0.317,0.657,0.0355,angry
0HihdY4f61xE1BnrzTin69,0.588,0.879,0.821,sad
5rRFwd9u7iU1DQ8HwPM7iQ,0.702,0.716,0.867,happy
50q7iwprDl2WBAhHdCU1pg,0.249,0.491,0.048,angry
1SSk8p8JlSOXniecPGCyRW,0.57,0.368,0.362,sad
6qxJcZgS7z2aBSwC4PNxVA,0.55,0.428,0.676,sad
1zW2csx1vVJrKfvDrFQNVt,0.594,0.889,0.8,happy
36vTL8WP4ZoD1bbUaW0V3E,0.545,0.467,0.444,sad
1UH5ctIcXElgMutii86EWF,0.829,0.592,0.721,happy
5Qhy5MYSkAMRVgTrABOlp7,0.515,0.641,0.315,angry
5Md11uzTcHNXMWOJAz60Zd,0.302,0.957,0.159,angry
0Kd96idEL2xXYoSbuvCLfa,0.53,0.981,0.427,angry
1tP8xYiLPDNAvvIuertOHt,0.722,0.601,0.47,happy
2isU1JVaBdjfu688Z9EWNt,0.763,0.779,0.982,happy
2PeyQvyaViallofbtwS4PL,0.663,0.425,0.377,sad
2hIQXijVzbLaHVbHnCO0j3,0.382,0.447,0.313,relaxed
2aUYqnBXYV2xc2aO0gn5oC,0.51,0.976,0.928,angry
37ZxTNWjo9Wp2JnHawwmz8,0.758,0.445,0.515,sad
7qTZ3NYt0p2Bdyaq4YS6UL,0.333,0.935,0.516,happy
4dns9UEYXX2BTPHK6BGQ2M,0.638,0.955,0.415,happy
4AuklilJZW4D3IrWpirfeY,0.383,0.246,0.113,relaxed
0TvWULuyrFnu5PmBfDaesd,0.627,0.504,0.135,sad
1CmOgWohDQJyLjzdSZ27mp,0.367,0.143,0.124,sad
5hXrzcOyANf6KuNUPnv269,0.698,0.638,0.816,happy
0bGUHUjU8IZxH2NugIjTX9,0.843,0.492,0.943,relaxed
75n8sNOULVhrShcpEeEWn1,0.516,0.804,0.639,happy
3TmnUIbelFiDzrhZqavHU0,0.589,0.447,0.789,happy
4PyhlL1vrSvPlhYLdphszr,0.677,0.935,0.965,happy
7ArM7xm1YLiXzPxDlFRARB,0.331,0.498,0.153,angry
5at039gZfHTvOK3gSLni5m,0.848,0.692,0.584,happy
3YuftIhLOyNyL9G29gpyB0,0.586,0.866,0.276,sad
6q1aLwkZm2f36t1yr9JMVn,0.553,0.832,0.375,angry
0cSlKH8BR5r8Q9k8NoKkdD,0.584,0.83,0.646,sad
3ygA3p2qb96FuzDLRXFwIN,0.82,0.86,0.862,happy
2pneYqXn9wsl94J2e7XW5A,0.53,0.37,0.264,sad
131RmhQ2mHtY29K1xX3SHW,0.444,0.841,0.796,happy
4JIfgJkxaWu9I2gdNR3wi5,0.283,0.868,0.077,sad
6XxxO54L5nXSZr93mVqmv7,0.676,0.879,0.392,angry
6enyjxrSOltTLmuVhZBhfW,0.421,0.135,0.107,sad
0dl6nGOQLXzcJ9eKOLrtCE,0.338,0.793,0.128,sad
0LoLvmvdF23Zj29Jg4ZNkX,0.522,0.958,0.57,happy
6bg2E3iGJlZrGE0gJlSddf,0.466,0.992,0.067,angry
6SFL3a2JotvZFwTiggc4cb,0.227,0.985,0.606,angry
59XqA0QB5YCTflfzZ6SYk0,0.55,0.474,0.5,relaxed
7j7LeOIVvfa3FB8m83unIU,0.661,0.925,0.929,happy
2zUIViKCzgS0VrLqqqLpfj,0.625,0.359,0.0798,relaxed
6EN0QhYV8q41mBGdhy8o3n,0.558,0.396,0.329,sad
7m5Kf3oIucLx7VqvKNijMP,0.46,0.396,0.0599,sad
2yL4HyjxwC8RrVeH4Xzq7Y,0.268,0.408,0.323,sad
34BR6uyvgEk9qw2j99jy45,0.319,0.199,0.223,sad
4ZBYLOcSkmrBpctsQfBkWs,0.651,0.514,0.767,sad
0goEaYw1cI7ubi2YO2WMFJ,0.803,0.927,0.385,relaxed
69Kzq3FMkDwiSFBQzRckFD,0.696,0.628,0.701,sad
4SoRvuR09go03chQROV80q,0.18,0.789,0.635,sad
5CgCxjb2BEO8HfBDsBSr9l,0.698,0.931,0.882,happy
0FbvaiqG0UHSVzAl1p4Nmg,0.339,0.995,0.254,angry
437ShA8eBSfBmezIP9MeX1,0.56,0.935,0.383,angry
5SZcMOL2Uy4r9x3s7iBAbr,0.301,0.664,0.534,sad
0J55SU2LQDDhvQ1oqWQSWf,0.232,0.512,0.0473,sad
1gcESexgftSuLuML57Y69q,0.787,0.472,0.824,happy
6EHuOufBeL6vk3TvVJB5qo,0.527,0.48,0.706,happy
4RY96Asd9IefaL3X4LOLZ8,0.902,0.72,0.805,happy
6TPuL0IRzvOypCzd3cPuUc,0.571,0.856,0.658,relaxed
15DLl1r2zi07Ssq5RT1yT0,0.382,0.996,0.327,angry
2wiRaJG78MwRqBWnDSoO4H,0.318,0.919,0.186,angry
2jFGEKZAXF8LtUSSzrg2Th,0.679,0.599,0.308,relaxed
7erbg7YtuQiA7O13Q12ttu,0.477,0.971,0.255,angry
3aCRrvADMjFjZq1x8dWD0t,0.582,0.88,0.521,happy
5lOV1OnHMswQkdYsiWlQTo,0.513,0.907,0.383,angry
36YJWsgSCEMFsv9Y2jxI4U,0.387,0.822,0.541,angry
1w4x51wQ4sPrvET6ahUkhq,0.324,0.931,0.507,angry
7G4mN7ip5jrglGGUOTmC9Z,0.472,0.483,0.372,sad
5clUjbxHSe1IEJX7LEH3rv,0.42,0.885,0.68,happy
32le5VSoeqPmuVYZGE6b6a,0.437,0.704,0.522,relaxed
0PhxP19seKYf1fAUC1H3bS,0.73,0.427,0.724,happy
2zk2mZ0Sn19Wfd2xsyW9Ny,0.544,0.539,0.595,relaxed
25suYHVUwWFTG6G31kuhZH,0.475,0.576,0.524,angry
0uwNtbl80CvP4EFio32PYv,0.564,0.598,0.555,relaxed
1rSo624QuuCteNxAzsU3SV,0.532,0.943,0.371,angry
4GaDfEyPiptHIiVqQQlcTO,0.351,0.814,0.0425,sad
6QelZAWGXoXr9mnNQAY1Cf,0.622,0.543,0.515,relaxed
1JINh9TIQmH7cLowKM4fUV,0.674,0.401,0.222,relaxed
0hJPZ0v8QxRwGIKiMGKE1G,0.655,0.611,0.555,relaxed
5g27jHKzEGQiVqJPrPqQXS,0.498,0.549,0.472,sad
39SyB2NWiRlMtcKrI2rr4k,0.76,0.745,0.921,happy
1LMxJZqqlUWjsKFw9dtv5d,0.393,0.688,0.0758,sad
1AoKZAIJ8Aj7Cq6aJvsbr6,0.561,0.689,0.539,relaxed
3QEkDMcjzFuDc7th5Drozm,0.577,0.866,0.665,sad
74NBrEJMp3gVFfeWiOIzJi,0.52,0.461,0.139,sad
2UKkLqST2xWpK8n1b0Xr5Z,0.476,0.584,0.417,relaxed
4hLk7Bjz1XJWNDiqovvgBW,0.303,0.47,0.563,sad
5QD28FqaM3jTfsqWwvRZwv,0.851,0.92,0.545,angry
2QMq6HyOJyOkIlkIyL4PlR,0.664,0.494,0.396,sad
59CLe8stbcx4XYBWdsfbwK,0.442,0.922,0.855,happy
4gT8lyyMbQGPl7DXZCq5Pn,0.733,0.498,0.645,relaxed
4M4Vw1dEDTnWUcC5DJxV38,0.63,0.331,0.612,happy
4itBGCTBCeeTJz47dsQqTJ,0.515,0.915,0.773,happy
0TIfMyq3MtmQhNJVXJKcJP,0.482,0.999,0.0615,angry
1TEZWG1FdjzDdercCguTwj,0.573,0.929,0.284,angry
4LTtLIIrq1krMtYsb4x1dz,0.469,0.797,0.376,relaxed
1OSgxqD00RizIDSXTsUHpM,0.736,0.535,0.396,relaxed
0EVUHaWnDGiCOEo7tAnvzc,0.628,0.202,0.337,relaxed
764gKnydqTR6pQCkGLl1o2,0.714,0.481,0.523,sad
4l3zi35EzEv8L7xLZ9jEcJ,0.772,0.548,0.648,happy
7b2cBdbLTa2YSmfe3NEivL,0.237,0.163,0.0379,relaxed
29jmo4Awj9WdrcQ1AK8ghv,0.856,0.454,0.792,sad
2vG1yrWSMiL6egg6w4e9ma,0.765,0.831,0.809,happy
4HVGC52IogHANcKFA0QYiT,0.778,0.618,0.693,happy
2Rd31T9esnXoTbILyx7EGa,0.786,0.414,0.674,relaxed
5bq9n41pwbgvD6Mr56Rmsb,0.468,0.332,0.139,relaxed
2cCarSMb0TKG9KhuXHN1v9,0.417,0.979,0.617,angry
2xnSLJOZAh1eTEkBJHcuYP,0.501,0.965,0.72,angry
1VS6BYKweyrXaouFwSdgco,0.555,0.259,0.0666,relaxed
18pNWsGGX0wUmvYtc8Qo0p,0.487,0.931,0.754,happy
5acN8jpLdnUBev2tymzF5D,0.589,0.65,0.675,relaxed
34rOW0yx7mEBKfvI8b2wSK,0.773,0.673,0.925,happy
0vwCaq6juiCDaXmG1DaWoI,0.297,0.461,0.181,relaxed
0NWWDumjD2TCrR6iV6ZFgR,0.904,0.944,0.931,happy
4b5gJLLoofwO4OKhqJe33F,0.705,0.656,0.674,relaxed
5rzr3lYGJiw3OXEg8imWgH,0.748,0.569,0.967,happy
3xOE5ciDmfQ0VY3WahE0eJ,0.404,0.968,0.639,happy
6tghU970AKZkWdKICobMtg,0.434,0.441,0.355,sad
5mCo4K10tQf80jq6qHUqSQ,0.488,0.68,0.761,relaxed
6VaUh9WjvgMB3OkFopXVWw,0.558,0.272,0.282,relaxed
2FqDEb5wkhtwSl8H2erumv,0.526,0.845,0.702,angry
21aDHnHXtZqnxqLaD0chkG,0.104,0.133,0.0298,relaxed
1AMA44rx0EzLvo5XUOfozb,0.223,0.126,0.0389,sad
5bcjREGkqwlYD272fyhwc6,0.54,0.53,0.497,relaxed
3I1DVI1Bllke45hTQke9ux,0.656,0.309,0.245,relaxed
2O0Z8Zgf57YOhseP8hMc9m,0.0778,0.198,0.0391,sad
29OmmU1vDlQkrh7oy9Le1J,0.692,0.384,0.5,sad
6u4QEKva1621fa87Lzs4qu,0.506,0.246,0.227,sad
0eOmeyp6CdYKkKQZg5lX98,0.621,0.726,0.319,happy
6vNjiFxHoviyyMBBT9SFRg,0.55,0.337,0.153,sad
6rRIRMEhVclbTleCJQsrPm,0.562,0.896,0.362,angry
7MMbYOpnyQU4CzPqK7Tu2x,0.587,0.673,0.151,sad
1BlqtXbfcPlehjsJaNqOIT,0.749,0.676,0.486,sad
7LnDfoRFeMhrPc795W07jk,0.618,0.669,0.761,angry
2Ca3f6KZiBrlLD86qpLltG,0.45,0.403,0.0871,sad
1DWDBEou20xXJQ3By1nu0q,0.428,0.942,0.256,angry
714hERk9U1W8FMYkoC83CO,0.791,0.733,0.962,happy
5waEBVOKDg69xggDA1Zo14,0.464,0.687,0.479,happy
4Dr5E6cgmQ484OQMDCZ7z0,0.398,0.664,0.19,relaxed
28XN8ncs0OBodA23W4ysZg,0.192,0.912,0.192,angry
6tBDuc4rqrJt8FkQafww2z,0.377,0.319,0.222,sad
1xLXeknuy2AQHLSjpdq4tm,0.766,0.726,0.964,happy
6C7ZgThn6Yan5MTZdAEEFw,0.791,0.759,0.619,angry
3hLLaon3UqalX6ax3yU9iu,0.427,0.467,0.128,sad
5txrJzhPIrRqfvtnvZGcbX,0.804,0.57,0.899,happy
28wARFXXsTUWhOePUw2aCB,0.657,0.634,0.675,relaxed
7MFsv2upMYO0hXJ78eX62j,0.391,0.671,0.685,angry
5Rv5TrAICmaHYKwANplEQH,0.611,0.577,0.343,relaxed
2agPprfhcGdMELegfTFIrS,0.272,0.851,0.679,angry
4RNEfrpALlfQ46hWAamoH7,0.773,0.869,0.877,angry
0MNCcfN8KzX0Wyp3wSiwo5,0.657,0.19,0.303,sad
01GJozBgabhz6b5eG1Dl0Z,0.351,0.257,0.0845,sad
3yEf7v9VZPozoq9oqkZyvt,0.539,0.768,0.538,happy
0KIwLmhPmSJNHWJjCRBhd9,0.522,0.974,0.08,angry
2cF1W1G0sERJu0Y49tGjnx,0.412,0.941,0.205,angry
0IaFIfEvXWNZaJvunmOK2z,0.654,0.272,0.377,relaxed
74l0jBScdgJr6guky8aMXS,0.66,0.395,0.454,sad
1jZFlFukpJQKa7HKBapKtG,0.452,0.806,0.77,happy
6lr57QvEN0DakP5fRBYmsQ,0.572,0.559,0.325,relaxed
56MksN7isFxtSCcCJRf8Sh,0.534,0.311,0.534,relaxed
0Vo9dhpXkws81rxZUIItVk,0.347,0.174,0.247,relaxed
2CjbwXXnFS9hrefEzmnH1E,0.668,0.553,0.436,sad
3vEmpJQC2p8h0U3OiBufQm,0.462,0.677,0.468,angry
5Genp2tGRn0vwM9F5pHMKu,0.375,0.957,0.242,angry
2qfRlUIlKSFIH95DWwDST9,0.274,0.461,0.0396,relaxed
38E7U60ipLSTVDcPIuVzZw,0.573,0.545,0.95,relaxed
3UQAKY0SUEonxneROvv4jy,0.727,0.831,0.504,angry
32Uk6r7BFqNfpUVOFuQZFk,0.2,0.923,0.24,angry
2He3NOyqtLNE3RQPpeDdSb,0.694,0.881,0.924,happy
71SgQqWW7LAxb8rS7fm1Db,0.718,0.606,0.257,relaxed
005lwxGU1tms6HGELIcUv9,0.699,0.76,0.696,happy
3podoDCASKaaMmXuywfjZz,0.599,0.0911,0.3,sad
2sJ0dw9o8Cb4o5kpCLrxRj,0.942,0.566,0.94,angry
4db25YOxSZLypevimljIBn,0.478,0.994,0.355,angry
61L6xSR4n5cADuMqpCUOse,0.496,0.875,0.209,angry
3If7B0ai9ReI3acd5Hatc6,0.717,0.846,0.0324,relaxed
5jv3QxL0MFswzM1UJ2qQJM,0.777,0.846,0.646,happy
3J0AoQhAufniMrznCRJASD,0.703,0.706,0.766,happy
2Ztu9QCMySsXe4zBWsWqcd,0.825,0.413,0.664,relaxed
0xd0fSicoF2FkERilhKFMh,0.207,0.996,0.139,angry
2KPcujYDaukvtfRR0Zmu0O,0.367,0.997,0.269,angry
0E7g5bxgqdGYaChfGqdKER,0.713,0.833,0.55,happy
60r0mEqH580d1kYWGeEpwM,0.689,0.807,0.822,happy
5YUJMvTg4AWHKjqQidTsGK,0.266,0.831,0.778,angry
3klg1nmJA1E7psgBO0duTJ,0.592,0.83,0.97,happy
5cihd6pxrhjgRsvv7ku8qb,0.2,0.693,0.0957,sad
59EupkPF0AA5nu0qDo5FlK,0.538,0.346,0.459,relaxed
5zjQ3gF7xeNhMh0Is6wX0b,0.614,0.656,0.697,relaxed
5xTqhUcwPm8BSS8h7m3fYr,0.324,0.168,0.476,sad
1DTvpxiXXltH3xZE4yXANv,0.551,0.618,0.406,sad
7oLIJvY8IUSmjfXdUvn3ru,0.581,0.577,0.569,sad
7Ht2eTOUAs5kUsfrh3aXFp,0.776,0.216,0.331,relaxed
4Q1w4Ryyi8KNxxaFlOQClK,0.431,0.962,0.585,angry
1WWgMk8nD79p8VeKFGYrOw,0.431,0.855,0.397,angry
7x8dCjCr0x6x2lXKujYD34,0.433,0.959,0.365,angry
75DBIP9rTkRd1PRntsZM3q,0.597,0.654,0.714,happy
4pAgbcLfgfYnYKfB2dLK1h,0.54,0.953,0.73,happy
6EvMtEt0L5ieXHtxj60ve4,0.43,0.951,0.415,angry
2bjubM3VsRhoZFZouzgvBF,0.163,0.217,0.244,sad
5InrTlQeClBr55lHREONCp,0.385,0.65,0.0757,sad
1ynmMEK1fkyiZ6Z6F3ThEt,0.653,0.677,0.888,happy
4MXHBiKcdqHBJ4PeHQJBHO,0.71,0.646,0.735,happy
6IYp4JchnMb4kOuIrZwFpR,0.277,0.897,0.639,happy
2sFp6E7lNBbblJGmUtCfFH,0.645,0.921,0.864,happy
6MHhHFfVkqolVGRHVCLsUK,0.491,0.974,0.223,sad
1o54B6BONbQYxq8o1Kfkp7,0.441,0.119,0.192,sad
1Hp6QUfxfwcyLoO7b2Ub2j,0.707,0.25,0.145,sad
6gNa4j7lQlM9SWhWDUqwKw,0.538,0.23,0.182,sad
07QZXkXxtkjlm1GPxfH4gt,0.45,0.119,0.21,relaxed
5r5sZ86FGRzcu4DvgANioJ,0.408,0.71,0.0916,angry
3llkTR67AcrAAmGAAiJACu,0.631,0.924,0.878,angry
7vlEsbJ73GcQtz6sMzZmEP,0.285,0.978,0.382,angry
1Zd5KxenhiRD0OpIf9Dfmh,0.342,0.638,0.371,sad
6meTlodlx0whBYj9Gux4LQ,0.324,0.787,0.832,happy
0lCgAEyTIzwbJHHPmeE7PF,0.333,0.449,0.519,sad
2g0wYd9F6yLQ3oQ09NRgUg,0.389,0.987,0.293,angry
0XcHN2q9vobnuyzJt4IUWL,0.352,0.973,0.326,angry
0dOg1ySSI7NkpAe89Zo0b9,0.398,0.952,0.584,angry
6SELeF14P3NaapQApONXq5,0.557,0.802,0.678,happy
3pvRJy3zkIivvLXh89aO3J,0.245,0.981,0.309,angry
5BJ4qjGmQqggZFGBn7SfhE,0.568,0.872,0.357,sad
0sjZd1zLJ2ISjx8Sh0hIlB,0.275,0.987,0.191,angry
206dccqnCtUSlHpDE2t216,0.328,0.933,0.213,angry
4fiC7RTotySw4ZeYaCSsXP,0.771,0.536,0.899,relaxed
5B7dSj3fDMG0bwN3D6pUxF,0.175,0.266,0.261,sad
3Yj9lNYD0su1mbTtA1ktat,0.491,0.616,0.0824,sad
6lENVFLj5MkHtHHKkaV6YR,0.269,0.64,0.231,angry
37n9zBD7h4IKimhkOfoFwf,0.375,0.997,0.294,angry
4goJhfQRbNfYybpYf9xmbL,0.396,0.903,0.294,angry
2XGRcNVv7uJozHCRLl7SG8,0.53,0.642,0.809,happy
2ab18Dlytjfa6cB402cSQq,0.684,0.838,0.706,happy
2CjUSmHm2d76VoWRgpQ6mO,0.64,0.198,0.362,relaxed
6cddBdZNKyzRrJhbj3gs3r,0.212,0.942,0.216,angry
5PU6F7feSaAPhvSv4GbQLP,0.388,0.989,0.311,angry
6TBhIzjK8HiSct7nDBvS1q,0.671,0.299,0.511,relaxed
57uQ0KCJFZBVQn6naUUnsW,0.294,0.656,0.118,sad
6sXBhPRjlce2PK9f1Womum,0.493,0.833,0.479,sad
5UjqXQ77VtXZtvC9M0B0Wy,0.653,0.285,0.0784,relaxed
2wdjY5H8f2LZK8MzV4VC5O,0.532,0.463,0.358,happy
69BSguYY4m6b1yibQdUBst,0.427,0.233,0.258,relaxed
4BFGbzW1hvoGZJ8lbBxCjP,0.345,0.644,0.923,happy
1i9ZoEtx5V2dQTXtvtzTkj,0.397,0.722,0.394,relaxed
4NQUMSTCO4MdFOsqTgoQl2,0.493,0.317,0.174,relaxed
1fYlwOcveGY10W1bNNfpGk,0.688,0.401,0.638,relaxed
6DFDTqHD5VGqsFeTGKag2u,0.437,0.988,0.132,angry
1TRS8VIiJq4OuNVmhHcj1r,0.682,0.179,0.442,relaxed
371JtbumkPGkJEuCOMLf9E,0.364,0.765,0.198,sad
24YUfO7tZp7k4VAVdkFuEp,0.41,0.978,0.0392,sad
6tYYT8zNxkadSCujCdR6Ur,0.48,0.656,0.209,happy
2kijrPqAeHdmLoaSAW2pJY,0.2,0.856,0.0622,sad
0c5sK0p4Z0ZyGZfMIdk8If,0.213,0.896,0.35,sad
0rzXtJ0DE4wTbSeOfBhp1F,0.498,0.806,0.677,angry
0obzF8a4DaF3XrlOB16xlx,0.362,0.931,0.339,angry
4R7NLVLt1qyYsqqieGkf7B,0.266,0.759,0.528,happy
7ebh2XMIq2DdP0VJEJemCq,0.545,0.907,0.653,happy
6pyOfYl14MFI3rDhr5v1hd,0.648,0.561,0.442,relaxed
4jfWUWOkvZ3rcjtCOV0ER9,0.429,0.993,0.0387,angry
6I6N2ERKhCNNHTcDE9Qzgl,0.306,0.215,0.0399,sad
4m2bk3l0Ah6UEEoIa7XCeZ,0.5,0.892,0.583,sad
4bW6gwOOTkhBUyWTXSMvgh,0.457,0.909,0.437,sad
1GrCYvkH2DeuXTptRKUFw6,0.677,0.845,0.639,happy
2GCyS5cL3EkwJqomGDaJPG,0.382,0.254,0.0614,sad
3VYbLgJNS7Jr7YlatA0lNe,0.385,0.442,0.385,sad
4u1WFYkW7pFmFvyUqUKP16,0.578,0.86,0.512,relaxed
2Ei5auE9kCmwKB2JZtKPKO,0.643,0.363,0.258,relaxed
2k2FBXEh7ZbUtfEDjGspKy,0.74,0.621,0.782,happy
5WVAFoNUyf17yEYVe0SPJP,0.255,0.523,0.211,sad
0fsckVllnHXQsEZY0TMkp4,0.356,0.385,0.0689,relaxed
26ihiD5EMwTEqXJEDKxSHU,0.678,0.698,0.596,happy
2yT7HjDXV9ni3MN5s1Z3G2,0.442,0.0874,0.156,sad
7jqlpEgPLAYpj7ZfESA294,0.472,0.618,0.308,sad
16JOx3y99q2RrpDkId12pK,0.601,0.477,0.889,happy
0qQLbYR9WBEuKARbN0Lttw,0.455,0.343,0.0893,sad
3Hl3TSGhhpSHfZcgi9CKpT,0.518,0.508,0.717,relaxed
4IHbylDFU8KEPlIJms5TlD,0.403,0.461,0.0798,sad
5BckPAYcKEJuYs1eV1BHHe,0.684,0.675,0.924,happy
2xFK9sUgKy9tDWnst9BrYN,0.812,0.894,0.809,angry
4KXYCQVoIFm4fI4RmNA6aN,0.866,0.457,0.637,relaxed
0KPDxUvVt6TjBsq5ccU7yn,0.711,0.785,0.729,happy
3YNKbymzBpPlqGTQnwtYWn,0.411,0.106,0.169,sad
0LQtEJt7x0s6knb6RKdRYc,0.566,0.713,0.805,happy
3Q4apI1afNqKP5Ibw6VyKo,0.714,0.616,0.922,happy
4Hruh5C0Ef3y8mIcns5Y1O,0.424,0.59,0.204,sad
6Grkq9rd3HohaBCWOl2C1c,0.665,0.391,0.368,happy
6s2FgJbnnMwFTpWJZzvb6z,0.448,0.861,0.761,angry
3hjlbE0SGa14RtACTBJoLz,0.289,0.62,0.313,sad
7MqfymePYx1xQiuqwWMcwM,0.573,0.363,0.434,sad
7ejWfOw0lfWWKtWaerk4K1,0.498,0.207,0.121,sad
44e84JcEUfOs9cNGu8nwU5,0.703,0.806,0.844,happy
4mtRuEDlwvtnsge8Owi22c,0.44,0.488,0.384,relaxed
5vR2w7sHGhOgffrDOvF9pI,0.567,0.51,0.606,sad
02ZdZqhpfrPnxwyakXgxB8,0.507,0.882,0.907,happy
2ac9ywAmSkLKGXwX5mRZ1C,0.675,0.77,0.67,sad
65xpIwIluxmO6PBW7c7aqw,0.272,0.993,0.206,angry
2rVa6UVT2f95l3bGcMGCWQ,0.579,0.981,0.276,happy
4v0AFz0KGhnH6Ppmz3QjmB,0.424,0.91,0.311,sad
716wcEhWeq3N1Id3L9mp6f,0.557,0.893,0.506,angry
2O5UcpKolgLT8l8yAvEmID,0.471,0.877,0.419,sad
7ji3tnG7OOKMZENvoSBPzu,0.795,0.51,0.559,relaxed
1w5iUg5lhu6pHS1IMeD6XE,0.212,0.442,0.0394,relaxed
1Iicl8g9Few8LZcKPGWrzZ,0.598,0.0939,0.155,relaxed
0ce0IMri055V8kqyS5FD0U,0.822,0.635,0.63,angry
0gr97EET1vP85jcFESMYRK,0.214,0.973,0.34,angry
2qioTZNYxZawZMTuL5TEXv,0.447,0.166,0.199,relaxed
0Wm1TSXJ3vH4Hh7qxW0ihY,0.696,0.5,0.962,happy
0apO5RcCDcd6GzDbqaG96T,0.509,0.444,0.0368,sad
6ZUwzAFkFYHbe8dqqe2pB5,0.62,0.755,0.75,sad
0CMVsbg78bj3L93fNgu2pA,0.558,0.616,0.308,happy
3rzYUfyzdZW96cHXnGn1xI,0.383,0.888,0.393,sad
6UmiroOo97nxwJTYjWBmKE,0.342,0.925,0.472,angry
775bMgZblrL7u8OoAVCBq1,0.428,0.751,0.401,angry
127M7vBbwxeCHO6AEQkMNx,0.342,0.857,0.857,happy
5zTQ7myRY1q8Lky6X1rRBc,0.619,0.89,0.798,happy
2pimMpK7uxmZkTvdmm7sEu,0.885,0.329,0.902,relaxed
6dzBktHgEil6fLhvzTBuhB,0.409,0.908,0.703,angry
1IehEIgrU7Xw0rZxNzKGD2,0.452,0.362,0.165,relaxed
3uxXquDyiqlkXNchJYQjge,0.742,0.478,0.592,relaxed
0skDDN6ssUFd4UAPROBywa,0.22,0.236,0.0759,relaxed
7JGmpugbdiVWskY1S3EmTY,0.914,0.78,0.968,happy
7mfvOqsvzZaUl7sfbcNk4E,0.605,0.532,0.139,relaxed
1aPIOiggxmM2pjDBky1HIo,0.64,0.619,0.563,relaxed
2S0DqrpQYrGF873Pi5hn1k,0.501,0.874,0.582,happy
38mDxPFyFRiWQ7j2fWVHpE,0.736,0.991,0.963,happy
3CaGgDsUuBw69wSWtTA8gk,0.349,0.93,0.466,angry
5A1Ys6d1aubTf4cBEpZ6pH,0.732,0.814,0.5,happy
16Elz7HJPLZPMylp13ewxv,0.22,0.83,0.457,angry
0xyx6J1l9808WlAJiTInqq,0.311,0.367,0.751,happy
54EvqHberbpzMu7nu8hs9S,0.639,0.752,0.966,happy
4nV4DeULLAGkd8uIo2z0FR,0.548,0.148,0.18,sad
7uvvBcIxL06JZF8v1o1zzj,0.448,0.989,0.587,angry
3KKHc3d1GNoFBbIPZWTc0U,0.963,0.621,0.968,happy
7eDz4e7BnffOzpMbpqH8tW,0.638,0.555,0.719,angry
51hyMBGyW5xQpwy1WQ24Db,0.191,0.998,0.0562,angry
2rdLkyACvESZgjgVmI6BHB,0.305,0.946,0.129,happy
6Mc4WHWtcJhrrORfj8AFDs,0.438,0.699,0.785,relaxed
3W0zezKaproPQzVYUpJ0oh,0.382,0.406,0.317,sad
37sVzD3Te5oDSicgAcPjZ8,0.553,0.656,0.221,sad
6DqNZJ4hhBYd8qj9WbpSTJ,0.676,0.463,0.91,happy
5iZw9vkowuc2BSJOWXZs7o,0.618,0.67,0.978,happy
6QyQRQ39cdIvMMXa7bKo5X,0.651,0.0882,0.215,sad
2xtunlrmS84VlrqtuvKOLL,0.58,0.942,0.798,happy
1TuaipxH4XiGnep2gRANnQ,0.706,0.844,0.879,happy
7MhaM6BLHxyPR4umZ6a0iJ,0.451,0.8,0.277,sad
0XATQ6wedL4bMP2emZNE9F,0.446,0.97,0.678,angry
7gcUN2u1S4gDpvsREf3gwk,0.245,0.0889,0.0385,sad
0JpvWQpfc6AxT9ZwbOcpgF,0.502,0.447,0.244,sad
24zX5DOFhdrtpp0gSdMFCd,0.199,0.974,0.144,angry
5OiQrtOkyU2sY7UPmGtUYJ,0.279,0.0613,0.197,relaxed
3bs2WtoXwE1zvAvY9pDISq,0.362,0.89,0.459,sad
60BmLiP4Q7iqhzNq3OfehR,0.0839,0.886,0.392,angry
487uZHjPqwQWAMKdabHJnZ,0.753,0.745,0.728,happy
6azwgyc7oNJvcsYyzqkiA5,0.501,0.131,0.0394,sad
6Vt7NKuMmZhy1WpVwcyNMl,0.442,0.378,0.202,relaxed
3JmwSgu1vxYXdblOJMXUQz,0.585,0.337,0.361,happy
75l90Py7SZymvoQINih5ag,0.575,0.92,0.872,angry
6ZDQSjfR7gk326zR1B8JSg,0.535,0.711,0.514,happy
4CLYcFvUTbl3flJIA0cP7i,0.613,0.112,0.235,relaxed
7BIvBZTaGjUymzoqhbSKyx,0.631,0.39,0.345,relaxed
3GF296GutmG0rY6hx31XTY,0.471,0.25,0.403,relaxed
2SknHmwY6GiOv6aK7YRahd,0.254,0.853,0.711,happy
2so4Y65VapWGnfF2leexmu,0.562,0.595,0.443,sad
4wcgHK1rK8B0vKUQsMRSbH,0.436,0.59,0.859,relaxed
0vTMkPVO2tM8rjQzUkHMnJ,0.244,0.508,0.339,angry
3XcT4NCMoPXyY5U2GCq7Ph,0.36,0.346,0.193,sad
0r8iDf65NHgFgZOGLwj5r8,0.551,0.825,0.933,happy
6gDXbcILAyBa2skSdbUYq7,0.327,0.295,0.143,angry
7mvN904TRvKl9CPQXFJ16t,0.406,0.95,0.364,angry
5eyTC5GZzpzlN7YRO9AoPf,0.387,0.922,0.417,happy
0z6aqMJAl7TbCP4okrKcHs,0.592,0.686,0.348,sad
19wEvsrtK0USRbfXcG7ToK,0.448,0.954,0.397,happy
6sNT5PF1SjTYgMiAIQGYMd,0.594,0.512,0.52,sad
0RnCUYXa7jhgTXtiMXF2PQ,0.629,0.851,0.961,happy
36ptC75Bp6pKICI1lE8QHS,0.573,0.438,0.551,relaxed
64dNS8mGKzVNYTPxF42eLj,0.624,0.271,0.0646,sad
0MT7RXj7XwkyvA0e05fgo6,0.708,0.912,0.621,angry
11HKiqNJSJo5HgroEa6naC,0.537,0.955,0.383,relaxed
65xpIwIluxmO6PBW7c7aqw,0.272,0.993,0.206,angry
4SzuVwTCTwsPm5TmRCpEKd,0.415,0.386,0.0471,relaxed
4C8bbFSl37YUCoVeyr3Fl3,0.691,0.472,0.291,relaxed
6EmywUvSSF4PpIiF0ZZDlW,0.31,0.189,0.0353,sad
2VfNTyOaWdBAnjJ6OiDRFj,0.431,0.71,0.424,sad
6OGkZoqso1wbIy5O6cV56N,0.252,0.961,0.0694,angry
36N0wCA0Jn5KrlinaChvig,0.216,0.951,0.208,angry
41kOdUYJOPwl8nAZr7dsts,0.704,0.846,0.818,happy
3TkNsftUBh8dwwLUHpmYNC,0.712,0.657,0.437,relaxed
5RT22k0yL1HpwbftyNjDjP,0.598,0.827,0.484,relaxed
6lvZdIVtCKpLwA7DTINPXQ,0.325,2.03e-05,0.234,angry
4tcHT4RYM3Uu0MMcVQHM2n,0.262,0.937,0.361,angry
3K9Jq47ASqT5ybmGeYKkkS,0.453,0.17,0.221,sad
3J1H7ggoHSUOEDXorAtSqg,0.688,0.465,0.534,happy
4jUXaSpvpfMnYH1WmUAC46,0.414,0.677,0.335,relaxed
4jKq1e80xAYixkIwt6YyV1,0.542,0.454,0.267,sad
52fqquVYihRW17ySEcy5mA,0.613,0.852,0.923,happy
3L3zrewWMcjncFKbbaetov,0.589,0.44,0.482,relaxed
6j6buPX9dTqzzvsXGMvml8,0.476,0.98,0.514,angry
2EzaNI2kE2AoBfJ8mRZLSJ,0.494,0.955,0.487,angry
67ftTHCuUcUt5DlNO3dUQR,0.55,0.882,0.531,relaxed
0ppQ8X2dc065YItSqf7R5i,0.496,0.803,0.769,angry
39VPS2vd1iunTww7Md6ERl,0.285,0.716,0.88,happy
1mXRkKVh9dLk20dG8dj7h5,0.287,0.642,0.281,relaxed
14444Fd8ybDY4q0BUpmVHv,0.388,0.765,0.0766,sad
36BGk42n6upPWiMCWpBQKL,0.272,0.0677,0.394,relaxed
7aJjjDLROYLhFC6BLrf27C,0.438,0.749,0.159,sad
3EixrP74QvVXmX5sOP3ul6,0.552,0.945,0.555,happy
6qSViwr8Z1ERkL2ZVun3VY,0.56,0.681,0.644,happy
6sVtEXeTnUquDoRcbLYHK3,0.568,0.808,0.933,happy
6EN0QhYV8q41mBGdhy8o3n,0.558,0.396,0.329,sad
3mdaF0a156iyqssUkuSZuQ,0.254,0.987,0.241,angry
72hcFp4tYkd3dbNA9dZ3Pv,0.555,0.973,0.805,happy
4xUjeM9MKuvL6HWuefbSco,0.468,0.695,0.627,relaxed
2N9ZXvXEXreI8jt3Tx2mHS,0.202,0.655,0.197,sad
11607FzqoipskTsXrwEHnJ,0.506,0.442,0.532,relaxed
3YCFLAKykeM33lub95E7yg,0.214,0.0754,0.102,relaxed
592V0PaYBk2VnkRRDs8UvG,0.215,0.155,0.139,sad
4GsRf3u8ycUOwekKnfZBEp,0.55,0.481,0.445,happy
2vVeFbGTQmp9w25896BDAl,0.552,0.867,0.67,happy
5XMJBKj01EU7asjQCAlYhu,0.734,0.204,0.521,relaxed
38q4d6txAtTKGyCtwaMKHY,0.217,0.407,0.143,sad
33jXZCskHTfXtmBd2EImNy,0.415,0.188,0.172,sad
33dDH3WB33MeDHSfA04V7a,0.281,0.627,0.156,relaxed
3OOFEF20WqtsUPcRbPY3L7,0.778,0.899,0.881,happy
2iKyHlMRUDyOLkBtV30VSI,0.362,0.847,0.404,angry
1eWgwHZXvYG6Odpx7QwJmT,0.539,0.443,0.409,relaxed
5u2qiqQGUBy8fvXTvs9i2X,0.38,0.994,0.267,angry
3Bf7Ya9VwZzAzSSPBVePVV,0.524,0.899,0.508,happy
23Vp3RFKeLvK3hNjfVMhgX,0.772,0.701,0.715,happy
1jQWzZPMd9P4dbZHs9dKpp,0.518,0.93,0.426,happy
5Z01UMMf7V1o0MzF86s6WJ,0.692,0.744,0.0612,angry
0BL8lMIb6TrDsfJSReVGOi,0.329,0.318,0.147,sad
2ItPID4dgSL1t1ZbZCrg5S,0.547,0.764,0.722,happy
11RJswXS6pu0fMsdnjKIA8,0.419,0.774,0.957,happy
70gH71Zh5NQCBFPp0C434B,0.529,0.94,0.132,angry
1wVBq2SkE1AOKoaOxUVvDC,0.435,0.912,0.321,angry
5BY0p2EH4EznNZ0MFD9mjt,0.676,0.839,0.891,happy
3txmSuR41qiGT8QbMSryOg,0.332,0.261,0.215,sad
6usmPr2qtPSR7uLj9WwVNr,0.227,0.894,0.253,angry
0lKWoCC96oxf1w8okrhKus,0.491,0.368,0.34,happy
0U316O0uMo9EgxdZkCTdhX,0.368,0.29,0.298,relaxed
3mq52GHIpouaYHdNIX84Sf,0.182,0.108,0.0512,relaxed
2B3jjwe3iaqJ7HCNQpoilC,0.72,0.797,0.949,happy
3X4qUkEhAvGY3qIlpNh1sl,0.685,0.307,0.832,angry
2JbGZ41UcYSBsw64CqGD3Q,0.447,0.644,0.0739,sad
5J221XVh7Kxg2bC4IWQ19n,0.607,0.428,0.504,relaxed
37IA0LArfTvZs067wJjY89,0.249,0.205,0.149,relaxed
3evthkr5RMPFKYnFR6Lz2o,0.442,0.277,0.261,relaxed
4WFYHBYhFA6tmCRYKng2MB,0.476,0.994,0.126,angry
3bSnE01X7tezLVR8ppZjvB,0.191,0.958,0.277,angry
5cddQy2IZCN0ZL8aeI1O3L,0.401,0.59,0.325,sad
0EtzpDX05udzfLcGntGbGU,0.328,0.868,0.181,angry
00AxXSPBavEKf4hwgX6ZMo,0.58,0.998,0.0968,angry
4xNvOGQszKdnH1gGhytLzZ,0.204,0.731,0.0698,sad
5qyOyCdAv9d1mg1tQ9fUXF,0.499,0.983,0.19,angry
3HlbyPybFsepdrRaEXv3Sz,0.231,0.897,0.457,angry
3rEwGRmPVVudVjqdgv0tRR,0.584,0.536,0.441,sad
0XPuBeH9uAMmwNi0gxIe6r,0.844,0.659,0.814,relaxed
6wEF7pEWBK1QnN4Gabh0Kl,0.567,0.222,0.296,sad
7zrcNlGoGQeiY51cJfHR0u,0.517,0.782,0.286,happy
6U6xqSHPuiOJKLkVw79b7Z,0.633,0.916,0.919,happy
